player,position,lane_agility,shuttle_run,three_quarter_sprint,standing_vertical,max_vertical,bench_press,season,body_fat,hand_length,hand_width,height_shoes,standing_reach,weight,wingspan
Malik Allen,PF-C,11.83,,3.38,25.5,29.0,13,2000.0,,,,,109.0,271.0,86.5
Harold Arceneaux,SG-SF,13.80,,,,29.0,0,2000.0,,,,,103.0,219.0,80.5
Lamont Barnes,PF-C,12.30,,3.40,28.0,29.5,10,2000.0,,,,,108.0,235.5,87.5
Mario Bland,PF,13.04,,3.47,27.0,31.0,15,2000.0,,,,,103.0,287.0,84.0
Primoz Brezec,C,11.53,,3.55,26.0,29.5,,2000.0,,,,,110.0,243.0,86.0
Ernest Brown,C,,,,,,2,2000.0,,,,,109.5,222.5,85.25
Speedy Claxton,PG,10.48,,3.06,36.0,42.5,6,2000.0,,,,,94.5,166.0,72.0
Eric Coley,SG-SF,11.40,,3.15,35.0,38.0,10,2000.0,,,,,102.0,205.0,83.0
Ed Cota,PG,10.98,,3.24,26.5,33.5,1,2000.0,,,,,96.5,189.0,76.0
Schea Cotton,SF,11.55,,3.00,34.0,38.0,19,2000.0,,,,,100.0,219.5,79.0
Jamal Crawford,PG-SG,,,,,,0,2000.0,,,,,102.5,175.0,82.0
Caswell Cyrus,PF,12.12,,3.16,33.5,37.5,18,2000.0,,,,,107.5,220.5,86.0
Khalid El-Amin,PG,10.59,,3.32,27.5,32.0,6,2000.0,,,,,93.0,200.0,73.5
Vassil Evtimov,PF,11.75,,3.52,21.0,28.5,13,2000.0,,,,,106.5,262.0,82.5
Antonis Fotsis,SF,11.60,,3.44,27.0,30.0,2,2000.0,,,,,106.0,219.0,80.5
Eddie Gill,PG,11.12,,3.18,35.0,38.5,13,2000.0,,,,,93.0,176.0,76.0
Ceedric Goodwyn,SF-PF,,,,,,,2000.0,,,,,104.5,238.0,82.0
Marcus Goree,SF-PF,12.00,,3.25,29.5,33.5,13,2000.0,,,,,105.5,239.0,84.5
A.J. Granger,SF,10.73,,3.25,30.0,34.0,20,2000.0,,,,,103.0,227.0,81.5
A.J. Guyton,PG-SG,10.55,,3.22,33.0,37.5,9,2000.0,,,,,97.5,175.0,75.75
Ron Hale,SG-SF,12.58,,3.20,29.5,34.5,11,2000.0,,,,,104.5,202.0,83.0
Jason Hart,PG,11.70,,3.34,29.5,33.5,9,2000.0,,,,,97.5,181.0,78.0
Donnell Harvey,PF,11.23,,,33.0,32.5,15,2000.0,,,,,105.5,220.0,84.5
Johnny Hemsley,SG-SF,11.50,,3.19,31.5,35.0,5,2000.0,,,,,100.5,200.0,80.0
Michael Hermon,SG-PG,11.79,,3.25,29.0,33.0,0,2000.0,,,,,98.5,195.0,78.25
Cory Hightower,SG-SF,11.92,,3.37,29.5,34.5,0,2000.0,,,,,101.5,183.0,83.0
Shaheen Holloway,PG,11.22,,3.32,,,6,2000.0,,,,,91.0,174.0,70.0
Eddie House,SG-PG,11.12,,3.27,29.5,38.5,5,2000.0,,,,,95.0,176.5,75.5
Jimmie Hunter,SG-PG,11.23,,3.35,29.0,36.0,0,2000.0,,,,,100.0,170.0,80.0
Jacob Jaacks,PF,11.48,,3.58,26.0,32.0,3,2000.0,,,,,105.5,238.0,83.0
Marko Jaric,SG-SF,11.32,,3.28,27.5,33.0,,2000.0,,,,,104.0,210.0,81.0
Nate Johnson,SF,11.90,,3.33,27.0,33.5,13,2000.0,,,,,104.0,211.5,80.5
Kenyon Jones,PF-C,12.44,,3.60,28.5,30.0,20,2000.0,,,,,108.0,282.0,85.0
Mark Karcher,SG,11.51,,3.40,27.5,30.5,12,2000.0,,,,,102.5,218.0,80.0
Brandon Kurtz,PF-C,,,,,,7,2000.0,,,,,106.5,257.0,83.25
Dan Langhi,SF,10.85,,3.24,31.0,34.5,12,2000.0,,,,,104.0,197.5,80.0
Justin Love,PG-SG,10.99,,3.31,31.0,38.5,24,2000.0,,,,,97.5,205.5,76.5
Mark Madsen,PF,12.12,,3.46,30.5,33.5,13,2000.0,,,,,104.5,236.5,84.5
Dan McClintock,C-PF,11.52,,3.33,33.0,35.0,20,2000.0,,,,,107.0,250.0,85.5
Pete Mickeal,SG-SF,10.83,,3.06,28.0,34.5,8,2000.0,,,,,103.5,222.0,81.5
Brian Montonati,PF,11.85,,3.53,25.0,29.0,5,2000.0,,,,,106.0,215.0,82.5
Gabe Muoneke,PF-SF,11.00,,3.40,30.5,34.0,22,2000.0,,,,,105.0,244.0,84.5
Ndongo N'diaye,C,13.16,,3.69,24.5,27.5,4,2000.0,,,,,112.5,208.0,87.5
Eduardo Najera,PF-SF,11.38,,3.45,28.0,35.0,15,2000.0,,,,,104.5,234.5,83.5
Matthew Nielsen,PF,11.28,,3.35,26.0,29.0,3,2000.0,,,,,106.0,223.0,82.5
Chris Porter,SF-PF,10.93,,3.20,28.5,35.0,6,2000.0,,,,,103.5,214.0,81.5
Lavor Postell,SG,11.79,,3.30,33.5,36.5,17,2000.0,,,,,101.5,205.0,80.5
Igor Rakocevic,PG,10.40,,3.10,27.5,34.0,9,2000.0,,,,,100.0,184.0,77.25
Reed Rawlings,SG-SF,11.10,,3.27,28.5,33.5,13,2000.0,,,,,104.0,218.0,81.25
Michael Redd,SG-SF,12.06,,3.34,27.0,31.0,12,2000.0,,,,,102.0,214.0,81.0
Damon Reed,PF-C,11.21,,3.31,27.5,31.5,4,2000.0,,,,,104.5,228.0,81.5
Aubrey Reese,PG,11.13,,3.25,31.5,37.5,14,2000.0,,,,,94.5,189.0,77.5
Terrance Roberson,SF,11.66,,,29.0,32.5,11,2000.0,,,,,103.5,209.0,80.0
Julius Doc Robinson,PG,12.54,,3.41,30.0,37.5,0,2000.0,,,,,95.5,184.0,75.75
Pepe Sanchez,PG,11.62,,3.44,26.0,31.0,8,2000.0,,,,,96.0,194.0,75.5
Matt Santangelo,PG,10.66,,3.06,33.5,43.0,12,2000.0,,,,,94.0,177.0,75.0
Alex Scales,SG-PG,10.98,,3.21,38.5,42.5,10,2000.0,,,,,97.5,184.5,81.0
Karim Shabazz,C,12.72,,3.36,24.5,28.0,2,2000.0,,,,,111.5,224.0,87.0
Nick Sheppard,PF-C,12.14,,3.52,23.5,25.5,18,2000.0,,,,,107.5,273.0,83.0
Mike Smith,SF,11.32,,3.22,33.0,21.0,12,2000.0,,,,,103.0,198.0,80.5
Jabari Smith,PF-C,12.45,,3.43,24.5,30.0,15,2000.0,,,,,109.5,240.5,86.5
Jarrett Stephens,PF,11.98,,3.46,27.0,29.0,13,2000.0,,,,,103.0,258.0,81.25
Bootsy Thornton,SG,12.08,,3.33,26.5,31.0,7,2000.0,,,,,101.5,194.5,78.5
Jaquay Walls,PG,10.75,,3.23,28.5,35.5,0,2000.0,,,,,96.5,165.5,74.5
Jameel Watkins,PF-C,12.38,,3.45,28.0,30.5,11,2000.0,,,,,110.0,244.5,90.0
Adam Allenspach,C,11.90,,3.40,28.5,31.0,16,2001.0,12.4,,,,107.0,259.0,84.5
Gilbert Arenas,SG,,,3.25,31.5,36.0,12,2001.0,5.3,,,,99.5,199.0,81.5
Brandon Armstrong,SG,10.91,,3.20,30.0,37.0,6,2001.0,9.3,,,,99.5,188.0,81.5
Shane Battier,SF-PF,10.95,,3.30,29.5,33.0,12,2001.0,9.3,,,,105.0,229.0,82.5
Cookie Belcher,SG-PG,11.26,,2.91,35.0,41.5,7,2001.0,5.3,,,,99.0,206.0,80.5
Charlie Bell,PG,10.59,,3.12,31.5,38.0,15,2001.0,6.7,,,,97.5,200.0,79.5
Ruben Boumtje-Boumtje,C,11.84,,3.33,26.5,31.0,6,2001.0,6.0,,,,111.0,245.0,88.0
Calvin Bowman,PF,11.96,,3.21,28.5,34.5,7,2001.0,8.6,,,,104.0,214.0,83.5
Michael Bradley,PF,11.11,,3.35,27.0,30.0,13,2001.0,9.3,,,,107.0,227.0,85.5
Jamison Brewer,PG,9.65,,3.15,26.0,32.5,12,2001.0,6.7,,,,102.5,178.0,80.75
Kwame Brown,PF-C,11.59,,3.45,30.0,33.0,17,2001.0,8.9,,,,108.0,243.0,85.0
Damone Brown,SF,11.81,,3.27,32.0,37.0,6,2001.0,6.7,,,,104.5,202.0,83.75
SirValiant Brown,PG,11.23,,3.00,31.0,39.5,10,2001.0,6.7,,,,92.5,176.0,76.0
Ryan Carroll,SF-SG,11.00,,3.10,34.5,39.0,14,2001.0,8.0,,,,99.0,202.0,80.25
Tyson Chandler,SF-PF,12.13,,3.36,31.0,33.5,2,2001.0,6.7,,,,110.0,224.0,87.0
Eric Chenowith,C,12.50,,3.59,23.5,27.5,6,2001.0,12.9,,,,111.0,264.0,88.0
Sam Clancy,PF,11.47,,3.13,31.0,34.0,15,2001.0,8.0,,,,107.0,242.0,86.75
Gyasi Cline-Heard,PF,11.40,,3.23,31.5,34.5,11,2001.0,8.0,,,,103.0,231.0,83.5
Jason Collins,PF-C,12.10,,3.54,25.5,28.5,8,2001.0,12.9,,,,110.0,251.0,88.5
Jarron Collins,C-PF,11.65,,3.60,23.0,29.0,10,2001.0,15.2,,,,104.0,252.0,87.0
Omar Cook,PG,10.77,,3.20,31.0,35.5,9,2001.0,5.5,,,,92.0,189.0,77.5
Eddy Curry,C,12.25,,3.53,28.0,31.0,16,2001.0,16.5,,,,111.0,301.0,90.5
Tate Decker,SF,12.19,,3.47,25.5,28.5,13,2001.0,13.6,,,,107.0,218.0,83.75
DeSagana Diop,C,12.37,,3.56,21.5,25.5,15,2001.0,21.0,,,,113.0,314.0,90.5
Robb Dryden,C,12.47,,3.46,27.0,30.0,8,2001.0,8.0,,,,110.25,241.0,86.5
Maurice Evans,SG,10.08,,3.12,34.5,37.5,22,2001.0,4.0,,,,101.0,221.0,80.0
Anthony Evans,PF,12.56,,3.31,31.5,33.0,18,2001.0,12.9,,,,101.5,267.0,83.5
Benjamin Eze,C-PF,13.05,,3.36,29.0,32.0,14,2001.0,3.9,,,,109.0,232.0,90.0
Kimani Ffriend,C-PF,11.46,,3.09,32.0,33.0,9,2001.0,11.7,,,,108.5,228.0,82.75
Alton Ford,PF,11.70,,3.16,34.5,36.5,21,2001.0,8.0,,,,102.5,271.0,82.5
Joseph Forte,SG,11.51,,3.19,26.5,33.0,10,2001.0,,,,,100.5,193.0,78.5
Jason Gardner,PG,10.88,,2.92,34.5,40.0,9,2001.0,8.0,,,,92.5,188.0,73.25
Jerry Green,PG-SG,11.70,,3.17,28.5,35.0,13,2001.0,5.5,,,,99.0,179.0,78.25
Kenny Gregory,SF,11.33,,3.10,39.5,45.5,10,2001.0,6.7,,,,101.0,200.0,83.25
Eddie Griffin,PF-SF,11.77,,3.21,26.5,33.0,3,2001.0,4.0,,,,110.0,222.0,87.0
Trenton Hassell,SG-SF,11.57,,3.29,35.5,37.5,12,2001.0,5.3,,,,99.5,205.0,80.0
Kirk Haston,PF-SF,12.25,,3.35,27.0,31.5,11,2001.0,10.5,,,,106.0,242.0,84.25
Charles Hathaway,C,,,,,,,2001.0,,,,,107.5,274.0,86.0
Brendan Haywood,C,12.87,,3.50,27.0,28.5,17,2001.0,12.9,,,,113.5,266.0,90.5
Michael Hicks,SG,11.38,,3.19,33.0,40.5,13,2001.0,7.3,,,,100.5,197.0,81.25
Steven Hunter,C-PF,11.99,,3.15,30.5,38.5,11,2001.0,5.3,,,,108.0,224.0,88.0
Andre Hutson,PF,11.25,,3.30,29.0,32.5,17,2001.0,11.7,,,,105.5,244.0,83.75
Nate James,SF,11.42,,3.31,26.0,31.0,23,2001.0,6.0,,,,103.0,196.0,82.75
Richard Jefferson,SF,11.19,,3.15,33.0,38.5,14,2001.0,6.7,,,,103.0,223.0,84.0
Horace Jenkins,PG,10.97,,3.10,34.5,41.0,2,2001.0,6.0,,,,97.0,171.0,77.25
Darrell Johns,C,12.41,,3.59,23.5,30.0,18,2001.0,19.1,,,,111.5,278.0,89.0
Joe Johnson,SF-SG,12.05,,3.40,32.5,36.5,12,2001.0,6.7,,,,105.0,226.0,81.0
Ken Johnson,C,11.27,,3.12,32.5,35.0,13,2001.0,9.9,,,,109.5,227.0,88.0
Darren Kelly,SG-PG,11.38,,3.21,30.5,34.5,1,2001.0,6.7,,,,100.0,178.0,78.75
Sean Lampley,SF,11.06,,3.12,36.0,40.0,12,2001.0,8.0,,,,101.0,213.0,81.25
Zach Marbury,PG-SG,11.53,,3.10,33.0,36.5,0,2001.0,6.7,,,,96.5,183.0,75.5
Mike Mardesich,C-PF,11.65,,3.45,24.0,30.0,8,2001.0,13.6,,,,108.5,247.0,84.5
DeMarcus Minor,SG,10.57,,3.15,29.0,41.0,9,2001.0,6.7,,,,99.5,207.0,80.25
Jamario Moon,SF,11.64,,3.08,33.0,43.0,0,2001.0,5.3,,,,103.0,185.0,83.5
Troy Murphy,PF,11.22,,3.43,28.5,34.5,11,2001.0,11.7,,,,105.5,230.0,83.0
Troy Ostler,PF-SF,13.42,,3.50,26.5,29.5,2,2001.0,8.0,,,,106.5,200.0,85.5
Lazaros Papadopoulos,C-PF,12.00,,3.70,23.0,26.0,4,2001.0,11.7,,,,110.5,227.0,86.5
Rashad Phillips,PG,11.93,,3.27,27.0,32.0,5,2001.0,12.4,,,,92.0,166.0,73.5
Demetrius Porter,PG,11.50,,3.34,26.0,31.0,5,2001.0,12.4,,,,94.0,178.0,74.75
Martin Rancik,PF-SF,10.77,,3.19,32.0,37.0,14,2001.0,8.0,,,,102.5,230.0,80.0
Jason Richardson,SF-SG,11.75,,3.12,32.5,39.5,15,2001.0,5.3,,,,102.5,213.0,83.5
Norman Richardson,SG,10.97,,3.15,30.5,35.5,2,2001.0,6.0,,,,99.0,180.0,76.5
Jeryl Sasser,PG-SG,11.47,,3.22,29.0,34.0,1,2001.0,6.7,,,,103.5,194.0,82.5
Kenny Satterfield,PG,12.05,,3.20,28.5,33.0,3,2001.0,6.7,,,,98.0,176.0,76.5
Brian Scalabrine,PF-SF,11.75,,3.47,27.0,30.5,14,2001.0,13.6,,,,105.5,241.0,81.75
Lee Scruggs,PF-SF,13.28,,3.55,23.5,29.5,0,2001.0,10.5,,,,110.5,209.0,89.75
Bobby Simmons,SF,11.69,,3.41,27.5,34.0,12,2001.0,6.7,,,,105.0,235.0,84.25
Will Solomon,PG-SG,11.30,,3.22,28.5,35.0,4,2001.0,4.0,,,,99.5,172.0,81.5
Greg Stevenson,SF,11.29,,3.23,30.0,35.5,15,2001.0,7.3,,,,102.0,215.0,84.5
Damone Thornton,PF,11.17,,3.20,33.5,37.5,19,2001.0,8.0,,,,103.75,235.0,85.75
Jamaal Tinsley,PG,11.96,,3.20,28.0,37.5,1,2001.0,13.6,,,,97.5,199.0,79.5
Tory Walker,SF,11.95,,3.25,28.0,33.0,7,2001.0,6.7,,,,104.5,187.0,83.25
Souleymane Wane,C,12.02,,3.46,29.0,30.5,9,2001.0,11.2,,,,109.0,235.0,89.0
Earl Watson,PG,10.97,,3.19,32.5,37.5,4,2001.0,4.0,,,,97.0,184.0,78.75
Rodney White,SF,12.07,,3.47,27.5,33.0,16,2001.0,9.3,,,,104.5,243.0,83.5
Loren Woods,C-PF,11.83,,3.48,24.5,28.0,10,2001.0,9.3,,,,113.0,246.0,89.5
Brent Wright,PF-SF,12.25,,3.30,23.0,29.0,19,2001.0,12.4,,,,105.5,236.0,85.5
Michael Wright,PF,11.37,,3.21,27.5,33.5,18,2001.0,9.3,,,,106.5,247.0,83.5
Nene,PF,10.73,,3.19,30.0,34.0,16,2002.0,,,,,109.0,253.0,88.5
Robert Archibald,PF-C,11.34,,3.33,24.0,27.5,10,2002.0,,,,,109.5,250.0,83.75
Maurice Baker,PG,12.19,,3.29,29.5,33.0,2,2002.0,,,,,96.0,178.0,76.0
Matt Barnes,SF,10.68,,3.28,35.5,40.5,11,2002.0,,,,,96.5,226.0,81.0
Lubos Barton,SF-SG,11.20,,3.31,25.5,31.5,14,2002.0,,,,,107.0,221.0,84.0
Lonny Baxter,PF-C,11.77,,3.21,28.0,32.5,14,2002.0,,,,,107.5,264.0,85.5
Lee Benson,SF-PF,11.44,,3.29,27.5,32.5,14,2002.0,,,,,109.0,217.0,85.75
Carlos Boozer,PF,10.77,,3.31,26.5,28.5,13,2002.0,,,,,108.5,258.0,86.25
Curtis Borchardt,C,12.56,,3.63,24.0,27.0,7,2002.0,,,,,112.0,238.0,86.5
J.R. Bremer,SG-PG,10.93,,3.10,30.0,35.5,24,2002.0,,,,,96.0,188.0,74.25
Brian Brown,PG-SG,11.43,,3.29,26.0,33.0,8,2002.0,,,,,99.0,194.0,79.0
Sylvere Bryan,PF,12.03,,3.20,28.5,29.5,13,2002.0,,,,,109.5,226.0,88.5
Chris Burgess,C,11.58,,3.37,24.5,31.0,24,2002.0,,,,,109.0,246.0,83.5
Caron Butler,SF-SG,12.15,,3.33,27.0,31.0,2,2002.0,,,,,103.5,222.0,83.5
Rasual Butler,SF,11.54,,3.29,31.5,37.5,10,2002.0,,,,,105.5,198.0,84.0
Mire Chatman,PG-SG,11.12,,3.18,29.0,33.0,1,2002.0,,,,,98.0,174.0,78.0
Chris Christoffersen,C,12.55,,3.39,28.0,31.0,13,2002.0,,,,,109.0,291.0,87.5
Lenny Cooke,SG-SF,,,,,,0,2002.0,,,,,107.0,214.0,85.0
Craig Dawson,SG-SF,12.06,,3.25,26.0,30.0,0,2002.0,,,,,102.0,200.0,78.25
Mike Dunleavy,SF,11.55,,3.30,24.5,29.0,11,2002.0,,,,,106.0,230.0,81.0
Teddy Dupay,PG,10.53,,3.19,28.0,33.0,16,2002.0,,,,,90.5,178.0,70.75
Corsley Edwards,PF,12.18,,3.31,28.5,33.0,12,2002.0,,,,,106.5,285.0,82.75
Andy Ellis,PF,11.69,,3.34,32.0,35.5,6,2002.0,,,,,102.0,220.0,82.25
Melvin Ely,PF,11.96,,3.35,26.0,29.0,7,2002.0,,,,,111.0,240.0,88.0
Reggie Evans,PF,12.73,,3.26,26.0,29.5,15,2002.0,,,,,107.5,250.0,86.5
Peter Fehse,PF-C,,,,,,,2002.0,,,,,109.0,220.0,84.5
Drew Gooden,PF,11.81,,3.19,29.0,33.0,13,2002.0,,,,,106.5,227.0,84.5
David Graves,SG,11.20,,3.27,26.0,29.5,8,2002.0,,,,,101.0,212.0,79.0
Lynn Greer,PG,11.24,,3.16,29.5,36.5,12,2002.0,,,,,94.5,170.0,73.0
Rod Grizzard,SF-SG,,,,,,6,2002.0,,,,,107.0,193.0,84.0
Anthony Grundy,PG-SG,11.10,,3.39,27.5,32.0,0,2002.0,,,,,99.0,167.0,79.75
Marcus Haislip,PF,11.35,,3.21,33.5,36.5,8,2002.0,,,,,107.0,221.0,84.0
Damon Hancock,SG-PG,11.62,,3.03,32.0,35.0,15,2002.0,,,,,99.5,203.0,78.0
Greg Harrington,PG,12.06,,3.32,28.5,34.0,15,2002.0,,,,,97.0,183.0,75.75
Udonis Haslem,PF,11.80,,3.31,28.5,33.5,22,2002.0,,,,,107.0,250.0,83.0
Cordell Henry,PG,11.30,,3.04,33.0,37.5,1,2002.0,,,,,92.0,155.0,73.0
Randy Holcomb,SF-PF,12.85,,3.22,29.5,35.5,15,2002.0,,,,,105.0,225.0,85.0
Ryan Humphrey,PF-SF,11.75,,3.20,31.5,37.5,13,2002.0,,,,,104.5,223.0,84.0
Jared Jeffries,PF,11.73,,3.40,26.0,30.0,9,2002.0,,,,,109.0,230.0,84.5
Jason Jennings,C,11.92,,3.62,29.0,32.0,8,2002.0,,,,,111.0,249.0,91.0
Fred Jones,SG,11.12,,3.13,33.5,37.5,,2002.0,,,,,100.0,218.0,84.0
Lonnie Jones,C-PF,11.80,,3.33,30.5,31.5,15,2002.0,,,,,112.0,230.0,86.25
Mario Kasun,C,,,,,,12,2002.0,,,,,109.0,260.0,83.5
Sean Kennedy,PG,11.64,,3.28,22.5,26.5,0,2002.0,,,,,96.0,182.0,74.5
Kris Lang,C-PF,11.36,,3.24,28.0,29.0,19,2002.0,,,,,109.0,242.0,83.75
Muhammed Lasege,C-PF,12.96,,3.29,27.5,30.0,18,2002.0,,,,,108.5,228.0,86.0
Steve Logan,PG,,,,,,11,2002.0,,,,,92.5,207.0,71.75
Kevin Lyde,C-PF,12.97,,3.36,27.5,30.5,13,2002.0,,,,,109.5,278.0,86.0
Tito Maddox,PG,12.20,,3.24,27.0,32.5,0,2002.0,,,,,99.0,200.0,77.0
Kei Madison,SF,11.74,,3.22,27.5,34.5,6,2002.0,,,,,107.0,216.0,84.5
Chris Massie,PF,,,,,,,2002.0,,,,,107.0,248.0,84.0
Immanuel McElroy,SG,,,,,,9,2002.0,,,,,100.0,191.0,78.5
Aaron McGhee,PF-SF,12.24,,,26.0,28.5,,2002.0,,,,,105.5,255.0,82.0
Elvin Mims,SF-SG,11.17,,3.22,32.0,38.0,7,2002.0,,,,,105.5,211.0,85.5
Byron Mouton,SG-SF,11.84,,3.10,24.0,30.0,7,2002.0,,,,,102.0,213.0,82.25
Ronald Murray,SG,11.13,,3.16,31.0,36.5,9,2002.0,,,,,100.5,197.0,79.5
Uche Okafor,PF-C,14.45,,3.34,24.5,25.0,10,2002.0,,,,,112.0,229.0,89.5
Chris Owens,PF-SF,,,,,,10,2002.0,,,,,104.0,237.0,83.5
Jannero Pargo,PG,11.11,,3.20,25.5,29.5,5,2002.0,,,,,96.0,168.0,74.5
Smush Parker,PG-SG,12.30,,3.26,21.0,28.5,1,2002.0,,,,,107.5,179.0,82.0
Luke Recker,SG-SF,10.78,,3.27,25.5,31.0,13,2002.0,,,,,101.0,198.0,79.0
Rolan Roberts,PF,11.36,,3.33,32.5,37.5,16,2002.0,,,,,105.5,241.0,85.0
Travis Robinson,SF,11.96,,3.43,26.0,33.0,3,2002.0,,,,,104.5,211.0,82.5
Kareem Rush,SG-SF,11.86,,3.22,26.0,30.0,15,2002.0,,,,,103.5,199.0,81.75
Brooks Sales,PF-C,11.05,,3.29,26.0,29.5,13,2002.0,,,,,108.0,232.0,82.0
John Salmons,SF-SG,11.35,,3.25,30.5,34.5,12,2002.0,,,,,104.0,207.0,82.25
Predrag Savovic,SG,10.94,,3.38,22.5,28.5,13,2002.0,,,,,102.0,212.0,79.0
Julian Sensley,PF-SF,11.85,,3.32,27.5,31.5,8,2002.0,,,,,105.5,228.0,83.5
Israel Sheinfeld,PF-C,,,,,,8,2002.0,,,,,106.5,239.0,81.75
Preston Shumpert,SF,11.03,,3.24,28.5,29.0,9,2002.0,,,,,103.5,197.0,80.5
Tamar Slay,SF,10.94,,3.09,32.5,38.0,11,2002.0,,,,,104.0,203.0,83.5
Darius Songaila,PF,11.69,,3.52,24.5,29.5,8,2002.0,,,,,108.5,240.0,85.0
Amar'e Stoudemire,PF,11.19,,3.25,32.0,35.5,12,2002.0,,,,,108.5,233.0,85.75
Marcus Taylor,PG,11.25,,3.31,27.5,33.5,4,2002.0,,,,,98.5,181.0,76.5
Jobey Thomas,SG,11.46,,3.30,26.0,32.0,13,2002.0,,,,,99.5,183.0,77.75
Dajuan Wagner,PG-SG,12.03,,3.22,28.0,35.0,16,2002.0,,,,,99.0,193.0,74.0
Chris Wilcox,PF-C,11.43,,3.16,31.0,34.5,20,2002.0,,,,,107.5,218.0,85.0
Jay Williams,PG,10.34,,3.09,28.5,36.0,10,2002.0,,,,,97.0,197.0,75.5
Frank Williams,PG,11.73,,3.29,26.0,31.0,,2002.0,,,,,100.5,212.0,80.0
George Williams,PF-SF,11.21,,3.24,33.5,39.0,11,2002.0,,,,,103.0,214.0,84.5
Qyntel Woods,SF-SG,11.94,,3.23,33.5,34.5,2,2002.0,,,,,105.0,213.0,82.0
Vincent Yarbrough,SF,11.70,,3.32,30.0,34.0,10,2002.0,,,,,104.5,202.0,84.5
Aloysius Anagonye,PF,12.93,,3.30,31.0,34.5,6,2003.0,10.5,,,,106.0,257.0,86.5
Rick Anderson,SF-PF,11.23,,3.40,26.0,30.5,6,2003.0,9.9,,,,106.5,216.0,83.0
Carmelo Anthony,SF,11.40,,3.15,30.5,33.5,7,2003.0,8.0,,,,105.5,233.0,84.0
Jerome Beasley,SF-PF,11.36,,3.25,27.0,32.0,10,2003.0,9.9,,,,107.0,237.0,84.5
Troy Bell,PG,10.89,,3.06,34.5,41.0,17,2003.0,5.3,,,,97.5,178.0,77.0
LaVell Blanchard,SF,11.64,,3.38,33.5,36.5,12,2003.0,11.7,,,,101.5,205.0,78.0
Keith Bogans,SG,11.43,,3.25,29.5,35.0,10,2003.0,8.0,,,,101.0,213.0,81.25
Matt Bonner,PF-SF,11.52,,3.32,27.0,32.0,20,2003.0,13.6,,,,105.5,242.0,80.75
Chris Bosh,PF,11.80,,3.30,30.5,33.0,9,2003.0,8.0,,,,109.0,225.0,87.5
Jermaine Boyette,PG-SG,11.20,,3.07,29.0,35.5,14,2003.0,7.3,,,,96.0,187.0,76.0
Souleymane Camara,PF-SF,11.51,,3.20,28.5,34.5,2,2003.0,9.9,,,,109.0,211.0,86.25
Matt Carroll,SG-SF,11.11,,3.35,29.0,33.5,13,2003.0,6.7,,,,98.5,207.0,78.5
Nick Collison,PF,11.62,,3.28,28.0,33.0,8,2003.0,17.0,,,,108.0,255.0,85.5
Brian Cook,PF-SF,11.87,,3.45,25.0,29.0,6,2003.0,10.5,,,,109.0,234.0,86.0
Joel Cornette,PF-SF,11.27,,3.14,26.0,32.5,13,2003.0,12.9,,,,105.5,239.0,81.25
Marquis Daniels,SG-PG,11.62,,3.25,30.5,35.0,6,2003.0,4.0,,,,103.5,198.0,82.0
Aleksander Djuric,C-PF,11.97,,3.65,23.5,27.5,3,2003.0,16.3,,,,108.0,253.0,84.0
Ruben Douglas,SG,11.95,,3.27,28.5,35.0,9,2003.0,6.0,,,,100.5,193.0,79.25
Ronald Dupree,SF-SG,11.09,,3.23,37.5,41.5,11,2003.0,6.7,,,,101.0,209.0,80.25
Carl English,SG-PG,11.77,,3.32,28.0,34.0,11,2003.0,8.0,,,,98.5,201.0,77.25
Ebi Ere,SG,11.38,,3.16,29.5,33.5,,2003.0,14.1,,,,102.0,210.0,82.5
Marquis Estill,PF-C,12.92,,3.31,30.0,36.0,7,2003.0,11.7,,,,108.0,257.0,88.0
T.J. Ford,PG,11.45,,3.20,32.5,39.5,0,2003.0,6.7,,,,93.5,162.0,71.5
Jason Gardner,PG,10.62,,3.17,30.5,35.0,10,2003.0,9.3,,,,92.0,194.0,73.0
Willie Green,SG-PG,11.86,,3.19,28.5,28.5,13,2003.0,8.0,,,,100.0,201.0,79.25
Justin Hamilton,PG-SG,11.18,,3.18,30.0,37.5,17,2003.0,8.0,,,,103.0,217.0,83.0
Travis Hansen,SG,10.72,,3.18,31.5,35.0,16,2003.0,6.0,,,,100.5,200.0,78.5
Trevor Harvey,C-PF,11.85,,3.32,29.5,32.0,11,2003.0,10.5,,,,109.5,245.0,85.0
Marcus Hatten,PG,11.50,,3.15,29.5,37.5,7,2003.0,4.0,,,,98.0,163.0,78.25
Kirk Hinrich,PG-SG,10.98,,3.10,29.0,33.5,10,2003.0,5.3,,,,98.5,186.0,78.0
Jerry Holman,PF,11.54,,3.24,33.0,37.5,11,2003.0,6.0,,,,109.5,232.0,87.25
Sam Hoskin,PF,,,,,,24,2003.0,,,,,107.5,261.0,82.75
Josh Howard,SF-SG,10.89,,3.09,33.0,36.5,4,2003.0,6.0,,,,105.5,202.0,86.0
Brandon Hunter,PF,11.13,,3.21,32.5,35.0,25,2003.0,8.0,,,,105.5,266.0,86.75
Sani Ibrahim,C-PF,13.02,,3.40,26.0,30.5,12,2003.0,9.3,,,,109.5,229.0,85.0
Michael Ignerski,PF-SF,11.21,,3.13,26.5,33.0,10,2003.0,10.5,,,,107.0,232.0,82.75
Robert Jackson,PF-C,11.26,,3.25,23.5,26.0,15,2003.0,15.9,,,,107.5,254.0,84.0
LeBron James,SF-SG,,,,,,,2003.0,6.7,,,,106.25,245.0,84.25
Britton Johnsen,SF-PF,10.67,,3.08,26.5,32.5,13,2003.0,7.3,,,,107.5,212.0,82.75
Dahntay Jones,SG-SF,10.91,,3.11,30.0,39.5,,2003.0,2.6,,,,102.5,214.0,81.0
James Jones,SF,11.18,,3.19,30.5,33.0,9,2003.0,6.7,,,,107.5,218.0,86.5
Chris Kaman,C-PF,11.33,,3.37,23.5,30.5,15,2003.0,16.3,,,,110.5,252.0,83.75
Jason Kapono,SG-SF,11.04,,3.38,23.5,30.0,8,2003.0,11.7,,,,102.0,215.0,78.5
Jason Keep,C-PF,11.18,,3.30,29.5,34.0,27,2003.0,8.6,,,,106.5,270.0,84.5
Bernard King,SG-PG,11.37,,3.18,28.0,33.5,11,2003.0,12.9,,,,98.5,200.0,77.5
Brandin Knight,PG,,,,,,6,2003.0,10.5,,,,95.5,190.0,78.0
Kyle Korver,SF,11.42,,3.47,25.5,31.5,13,2003.0,6.7,,,,102.5,211.0,81.5
James Lang,C-PF,14.01,,3.55,24.5,32.0,8,2003.0,21.4,,,,110.0,316.0,90.25
Donald Little,PF-C,11.18,,3.20,33.0,37.0,18,2003.0,7.3,,,,97.0,229.0,87.0
Chris Marcus,C,,,,,,12,2003.0,23.1,,,,114.0,334.0,92.0
Chris Massie,PF-C,12.48,,3.22,26.5,33.0,13,2003.0,14.8,,,,106.5,259.0,85.0
Will McDonald,C-PF,11.83,,3.42,25.0,32.5,17,2003.0,13.6,,,,109.5,258.0,87.5
Darko Milicic,PF,11.30,,3.36,26.5,32.5,13,2003.0,8.0,,,,111.5,250.0,89.0
Jeff Newton,PF,11.18,,3.23,27.5,34.0,9,2003.0,5.3,,,,106.0,199.0,85.0
Uche Nsonwu-Amadi,PF-C,11.83,,3.25,27.5,29.0,21,2003.0,6.0,,,,106.5,246.0,87.75
Ugonna Okyekwe,SF,11.43,,3.20,32.0,36.5,8,2003.0,4.3,,,,109.0,228.0,87.0
Marlon Parmer,PG,,,3.42,28.0,32.0,13,2003.0,9.3,,,,97.0,184.0,75.5
Stephane Pelle,PF-SF,11.37,,3.27,28.5,33.0,17,2003.0,12.4,,,,107.0,246.0,86.0
Kirk Penney,SG-SF,10.44,,3.04,32.0,35.5,15,2003.0,8.0,,,,97.0,218.0,77.25
Pavel Podkolzin,C,13.40,,3.80,19.5,22.5,5,2003.0,16.3,,,,116.0,303.0,89.75
Josh Powell,PF-SF,11.72,,3.20,32.5,38.5,15,2003.0,8.0,,,,107.5,227.0,85.0
Hollis Price,PG-SG,10.72,,3.25,27.5,33.0,1,2003.0,7.3,,,,94.5,165.0,76.5
Luke Ridnour,PG,11.00,,3.28,26.0,32.5,0,2003.0,5.3,,,,95.5,167.0,75.0
Joe Shipp,SG,11.75,,3.20,29.0,34.5,17,2003.0,11.7,,,,103.0,224.0,82.0
Ron Slay,SF-PF,12.01,,3.43,28.5,31.5,10,2003.0,16.3,,,,103.5,236.0,82.0
Tommy Smith,PF-SF,11.54,,3.14,30.0,33.0,2,2003.0,6.7,,,,107.5,200.0,86.5
Theron Smith,PF-SF,10.99,,3.10,28.5,32.0,25,2003.0,9.3,,,,104.5,234.0,82.25
Marvin Stone,C-PF,12.10,,3.50,25.5,27.5,9,2003.0,17.4,,,,109.5,261.0,87.5
Michael Sweetney,PF,12.90,,3.28,26.0,31.5,3,2003.0,14.1,,,,107.5,262.0,85.0
Sasha Vujacic,PG-SG,,,,,,0,2003.0,14.1,,,,101.0,193.0,77.5
Dwyane Wade,SG-SF,10.56,,3.08,31.5,35.0,9,2003.0,6.7,,,,102.0,212.0,82.75
Wayne Wallace,PF,11.85,,3.24,29.5,36.0,6,2003.0,4.6,,,,108.0,187.0,86.0
Luke Walton,SF-PF,,,,28.0,,12,2003.0,9.3,,,,104.0,235.0,80.5
David West,PF-SF,12.18,,3.43,28.5,31.5,11,2003.0,8.0,,,,108.25,226.0,88.25
Mo Williams,PG-SG,,,,,,3,2003.0,6.7,,,,98.5,189.0,77.5
Wesley Wilson,C-PF,12.19,,3.30,27.0,30.5,20,2003.0,12.4,,,,110.5,257.0,87.0
Doug Wrenn,SF-PF,11.38,,3.17,34.5,41.0,15,2003.0,7.3,,,,100.5,220.0,91.5
Derrick Zimmerman,PG,11.09,,3.10,34.0,40.5,13,2003.0,5.3,,,,96.25,190.0,81.0
Tony Allen,SG,10.70,,3.19,31.5,36.5,17,2004.0,6.7,,,76.25,102.0,214.0,81.0
Trevor Ariza,SG-SF,11.63,,3.29,29.5,32.0,8,2004.0,8.0,,,80.25,107.5,201.0,86.0
Andre Barrett,PG,10.63,,3.08,29.0,34.5,13,2004.0,6.7,,,69.75,92.0,171.0,73.0
Brandon Bass,PF,11.61,,3.24,31.5,33.0,18,2004.0,9.3,,,79.25,106.5,246.0,86.5
Andris Biedrins,C,,,,,,,2004.0,9.3,,,,,,
Tony Bobbitt,SG,,,,,,1,2004.0,7.3,,,76.0,100.0,185.0,79.0
Brian Boddicker,SF-PF,10.93,,3.25,28.0,30.0,16,2004.0,11.2,,,80.75,105.5,230.0,82.0
Tim Bowers,PG-SG,11.24,,3.21,37.0,43.5,13,2004.0,2.6,,,73.75,98.0,181.0,81.0
Andre Brown,PF-C,11.70,,3.22,32.0,35.5,18,2004.0,6.0,,,81.5,107.0,236.0,83.0
Antonio Burks,PG,,,,,,9,2004.0,9.9,,,72.75,96.5,191.0,78.5
Jackie Butler,C,13.32,,3.40,23.0,25.0,14,2004.0,16.3,,,81.5,109.0,263.0,85.5
Aleksandar Capin,PG,11.50,,3.27,23.0,29.0,4,2004.0,9.3,,,73.25,94.0,176.0,73.5
Ales Chan,C,12.90,,3.62,21.0,29.0,2,2004.0,14.8,,,86.0,113.0,255.0,87.0
Josh Childress,SG-SF,11.95,,3.38,29.0,36.0,11,2004.0,9.3,,,79.25,105.0,196.0,83.0
TJ Cummings,SF,11.58,,3.12,27.0,31.0,6,2004.0,6.7,,,80.75,106.5,215.0,81.5
Erik Daniels,SF-PF,11.38,,3.19,31.0,32.0,4,2004.0,18.5,,,79.5,106.0,223.0,83.0
Luol Deng,SF,11.46,,3.34,27.5,31.5,5,2004.0,6.7,,,80.0,108.5,220.0,84.5
Marcus Douthit,C-PF,11.64,,3.34,25.5,31.5,1,2004.0,13.7,,,83.0,111.5,223.0,88.0
Chris Duhon,PG,10.45,,3.14,31.5,35.0,7,2004.0,6.7,,,73.25,98.0,193.0,78.5
John Edwards,C,,,,,,15,2004.0,14.1,,,85.0,113.0,264.0,88.5
Andre Emmett,SG-SF,,,,,,,2004.0,6.7,,,76.5,100.0,216.0,81.0
Desmon Farmer,SG,10.89,,3.20,24.0,31.0,12,2004.0,5.3,,,77.75,103.0,214.0,80.5
Luis Flores,PG-SG,10.97,,3.10,29.0,32.0,15,2004.0,6.0,,,73.75,98.5,202.0,79.5
Matt Freije,SF-PF,11.15,,3.25,29.5,31.0,13,2004.0,10.8,,,81.5,108.5,234.0,85.0
Chris Garnett,C-PF,11.75,,3.36,27.0,31.5,22,2004.0,14.8,,,81.75,108.0,260.0,85.0
Ryan Gomes,SF-PF,12.49,,3.24,26.5,30.5,9,2004.0,,,,79.75,106.5,248.0,86.0
Ben Gordon,PG-SG,11.28,,3.19,31.5,37.5,12,2004.0,5.3,,,74.25,99.0,192.0,80.5
Devin Harris,PG,11.03,,3.19,30.5,37.0,5,2004.0,5.3,,,75.0,98.5,170.0,79.5
Dwight Howard,PF-C,11.21,,3.14,30.5,35.5,7,2004.0,10.5,,,82.25,111.5,240.0,88.5
Rolando Howell,PF,11.91,,3.28,28.5,34.5,,2004.0,11.7,,,80.5,107.0,229.0,84.5
Kris Humphries,PF,11.33,,3.20,29.5,36.0,22,2004.0,6.7,,,81.5,106.5,238.0,84.5
Andre Iguodala,SG-SF,11.17,,3.18,30.5,34.5,4,2004.0,6.7,,,78.75,105.5,217.0,83.0
Martin Iti,C-PF,12.28,,3.41,26.5,32.5,13,2004.0,10.5,,,81.75,111.5,233.0,89.0
Luke Jackson,SF-SG,11.10,,3.24,26.5,36.0,13,2004.0,8.0,,,79.0,103.0,212.0,80.5
Al Jefferson,PF-SF,13.08,,3.29,28.5,30.0,3,2004.0,10.5,,,81.75,110.0,263.0,86.5
Arthur Johnson,PF-C,11.81,,3.38,26.5,28.5,14,2004.0,16.3,,,80.5,109.0,262.0,87.0
Ivan Koljevic,PG,11.07,,3.28,26.0,28.5,4,2004.0,6.7,,,74.0,95.0,172.0,74.5
Herve Lamizana,SF-PF,,,,,,,2004.0,6.7,,,80.5,107.0,210.0,85.5
Sergei Lishouk,PF-SF,,,,,,,2004.0,10.5,,,83.5,109.5,244.0,84.0
Shaun Livingston,PG-SG,10.72,,3.23,26.5,30.0,,2004.0,6.7,,,79.5,105.5,186.0,83.0
Jaime Lloreda,PF,12.93,,3.23,25.5,29.5,6,2004.0,9.9,,,80.5,107.0,247.0,81.5
Bryant Matthews,SF-SG,11.08,,3.13,29.0,34.5,13,2004.0,6.7,,,78.75,105.5,206.0,84.5
Marcus Melvin,SF-PF,11.81,,3.33,25.0,30.5,11,2004.0,10.5,,,80.5,105.5,241.0,84.0
Rich Melzer,PF-SF,11.74,,3.39,24.5,28.5,8,2004.0,12.4,,,80.75,107.0,229.0,86.0
Ricky Minard,PG-SG,10.94,,3.10,27.5,33.0,13,2004.0,8.0,,,76.25,101.5,198.0,79.0
Marcus Moore,PG-SG,11.31,,3.34,25.0,30.0,,2004.0,14.8,,,77.25,101.5,202.0,81.0
James Moore,PF-SF,11.01,,3.21,28.5,32.5,,2004.0,8.0,,,80.0,107.0,198.0,84.5
Michel Morandais,SG-SF,11.45,,3.22,30.5,33.5,16,2004.0,8.6,,,76.75,102.0,205.0,83.5
Jameer Nelson,PG,10.95,,3.14,28.5,33.5,15,2004.0,8.0,,,72.5,95.0,199.0,74.5
Misan Nikagbatse,SG-PG,11.27,,3.32,27.5,32.5,11,2004.0,12.9,,,76.75,102.0,223.0,82.0
Emeka Okafor,C-PF,12.32,,3.15,31.5,34.0,22,2004.0,5.3,,,82.0,110.5,257.0,88.0
Randall Orr,PF-SF,11.18,,3.27,26.5,33.0,6,2004.0,6.7,,,82.75,107.5,193.0,82.5
Dylan Page,SF,10.99,,3.40,26.0,30.0,17,2004.0,12.3,,,80.75,105.0,239.0,79.0
Drago Pasalic,PF,12.97,,3.56,25.5,30.0,8,2004.0,12.9,,,82.75,108.0,231.0,83.5
Rickey Paulding,SG,11.14,,3.17,30.0,36.0,17,2004.0,5.3,,,76.0,101.5,210.0,81.5
Kelvin Pena,SG-PG,11.50,,3.24,27.5,32.5,1,2004.0,8.6,,,75.25,99.5,182.0,78.5
Tim Pickett,PG-SG,,,,,,,2004.0,6.0,,,76.25,100.5,207.0,79.5
Omar Quintero,PG,11.37,,3.25,25.0,29.0,2,2004.0,14.1,,,71.25,92.5,170.0,71.5
Peter Ramos,C,12.61,,3.60,24.0,26.5,2,2004.0,6.7,,,87.25,111.5,266.0,89.5
Jared Reiner,C-PF,12.65,,3.56,22.0,26.0,15,2004.0,12.9,,,83.75,109.0,246.0,84.5
Lawrence Roberts,PF,12.52,,3.30,27.5,33.0,18,2004.0,9.3,,,81.0,106.5,233.0,81.5
Bernard Robinson,SG-SF,10.91,,3.17,28.5,34.5,14,2004.0,6.0,,,78.5,102.0,208.0,82.0
Nate Robinson,PG,10.75,,2.96,35.5,43.5,13,2004.0,6.7,,,69.0,91.5,181.0,73.0
Aerick Sanders,PF,11.98,,3.37,24.5,30.5,9,2004.0,6.7,,,79.5,106.0,205.0,83.5
Romain Sato,SG,11.27,,3.18,31.5,35.5,8,2004.0,6.0,,,75.25,102.5,204.0,83.0
Blagota Sekulic,SF-PF,10.93,,3.39,23.5,31.5,8,2004.0,9.3,,,82.5,107.0,234.0,83.0
Josh Smith,SG-SF,11.43,,3.24,32.5,39.5,12,2004.0,6.7,,,80.25,106.5,221.0,84.0
J.R. Smith,SG-SF,10.93,,3.21,29.0,35.5,5,2004.0,6.7,,,78.75,104.0,227.0,82.0
Kirk Snyder,SG-SF,10.79,,3.13,30.0,35.0,19,2004.0,9.3,,,78.75,104.0,228.0,81.0
Pape Sow,PF-C,12.13,,3.27,28.0,31.5,18,2004.0,9.3,,,82.0,108.5,233.0,86.0
Tiago Splitter,C-PF,11.65,,3.38,26.0,31.5,8,2004.0,5.3,,,83.75,109.5,233.0,86.0
Blake Stepp,PG,,,,,,,2004.0,8.0,,,,,,
Tom Timmerrmans,PF-C,13.13,,3.63,23.0,26.5,15,2004.0,15.2,,,83.5,107.5,272.0,83.0
Marko Tomas,SG-PG,11.80,,3.23,32.0,31.5,,2004.0,9.3,,,79.75,103.5,198.0,79.0
Beno Udrih,PG,,,,,,2,2004.0,9.3,,,75.75,98.0,199.0,76.5
Jackson Vroman,PF-C,10.75,,3.25,29.5,33.5,12,2004.0,6.7,,,82.75,105.5,226.0,84.0
Delonte West,PG-SG,11.20,,3.15,30.0,35.0,12,2004.0,6.7,,,74.75,99.5,183.0,78.0
Damien Wilkins,SG-SF,11.92,,3.15,26.5,31.0,15,2004.0,7.3,,,78.0,106.0,222.0,84.0
Mike Williams,SF,11.59,,3.42,23.5,27.5,,2004.0,9.3,,,78.5,105.5,197.0,83.5
Nate Williams,PF-SF,12.60,,3.35,23.5,26.0,1,2004.0,12.4,,,82.0,109.5,240.0,85.5
Rashad Wright,PG,11.15,,3.28,28.5,32.5,10,2004.0,8.0,,,73.75,98.5,190.0,82.0
Alex Acker,SG,11.67,,3.35,28.0,32.0,11,2005.0,,,,76.75,102.5,183.0,84.0
Deji Akindele,C-PF,12.58,,3.35,30.5,32.5,13,2005.0,,,,83.0,108.5,236.4,87.0
Mustafa Al-Sayyad,PF-C,11.56,,3.42,26.5,30.5,,2005.0,,,,,,,
Nemanja Aleksandrov,PF-SF,,,,,,5,2005.0,,,,84.0,110.0,220.6,83.0
Alan Anderson,SG-SF,10.32,,3.27,26.5,30.5,10,2005.0,,,,78.0,104.0,223.2,81.5
Martynas Andriuskevicius,C-PF,11.94,,3.42,24.0,27.5,0,2005.0,,,,87.0,112.5,227.8,83.25
Sean Banks,SF,11.74,,3.35,25.0,31.5,7,2005.0,,,,79.0,108.0,206.4,85.0
Eddie Basden,SG-SF,10.52,,3.21,33.0,36.5,14,2005.0,,,,77.5,101.0,210.0,82.25
Mike Bell,SF-PF,11.73,,3.29,33.5,39.5,13,2005.0,,,,81.25,104.5,206.2,85.5
Andrew Bogut,C-PF,12.06,,3.51,27.5,33.5,13,2005.0,,,,84.25,110.5,250.6,87.0
Dee Brown,PG-SG,,,,,,,2005.0,,,,72.0,94.0,179.0,74.0
Will Bynum,PG-SG,11.12,,3.00,33.0,40.5,15,2005.0,,,,71.5,93.0,188.8,75.5
Marcus Campbell,C,,,,,,9,2005.0,,,,84.25,114.0,280.4,90.0
Will Conroy,PG,10.51,,3.28,30.5,36.5,14,2005.0,,,,74.0,96.5,188.6,75.0
Taylor Coppenrath,PF-SF,11.51,,3.44,24.5,27.0,5,2005.0,,,,81.25,106.5,252.4,83.5
Travis Diener,PG-SG,10.85,,3.26,24.5,31.0,1,2005.0,,,,73.0,93.5,165.2,71.75
Ike Diogu,PF,11.94,,3.45,28.0,31.0,21,2005.0,,,,80.0,109.0,255.4,87.5
Daryl Dorsey,PG,11.41,,3.24,25.0,30.5,0,2005.0,,,,72.5,94.0,160.8,71.5
Monta Ellis,SG-PG,12.13,,3.31,26.5,31.5,0,2005.0,,,,75.25,98.0,176.6,74.75
Raymond Felton,PG,10.50,,3.06,29.0,33.5,6,2005.0,,,,72.25,98.0,199.4,76.25
Rudy Fernandez,SG,10.48,,3.33,26.5,35.5,0,2005.0,,,,78.0,101.5,172.0,79.5
D'Or Fischer,C-PF,12.53,,3.50,28.0,30.5,2,2005.0,,,,82.5,110.5,242.4,90.0
Eddy Fobbs,C-PF,11.53,,3.28,29.5,34.0,12,2005.0,,,,83.25,111.5,235.2,90.75
Sharrod Ford,PF,11.92,,3.20,28.5,37.0,9,2005.0,,,,80.25,106.0,212.8,85.5
Channing Frye,PF-C,11.60,,3.38,27.5,31.0,19,2005.0,,,,82.5,110.5,243.6,86.5
Deng Gai,PF-C,12.51,,3.27,31.5,35.5,11,2005.0,,,,81.25,110.5,214.0,88.5
Francisco Garcia,SF-SG,10.63,,3.33,27.5,31.5,5,2005.0,,,,79.0,103.0,189.6,82.75
John Gilchrist,PG,11.48,,3.15,30.5,36.5,12,2005.0,,,,74.5,96.5,195.2,81.25
Marcin Gortat,PF-C,11.48,,3.33,29.5,36.0,18,2005.0,,,,84.0,110.0,225.2,87.5
Joey Graham,SF,10.62,,3.05,30.0,36.0,26,2005.0,,,,78.5,104.0,216.6,80.0
Danny Granger,,10.84,,3.34,31.0,34.0,10,2005.0,,,,80.5,103.0,225.4,85.5
Gerald Green,SF,11.20,,3.21,31.5,39.0,7,2005.0,,,,79.25,104.0,192.0,81.75
Charles Hayes,SF-PF,10.70,,3.34,30.0,33.0,20,2005.0,,,,78.75,104.5,232.4,82.0
Luther Head,PG-SG,11.12,,3.21,31.5,38.5,14,2005.0,,,,75.0,98.5,178.8,77.25
Julius Hodge,SG-SF,10.89,,3.18,24.5,29.0,14,2005.0,,,,79.0,107.5,202.2,84.5
Jared Homan,C-PF,,,,,,16,2005.0,,,,80.75,104.5,248.2,85.25
Ersan Ilyasova,SF,11.59,,3.56,22.0,30.0,2,2005.0,,,,81.0,109.5,208.8,85.25
Jarrett Jack,PG,10.87,,3.24,26.0,28.5,5,2005.0,,,,75.5,100.0,197.6,79.5
Dwayne Jones,C-PF,11.87,,3.25,28.0,31.5,15,2005.0,,,,82.0,108.5,242.2,86.75
Mindaugas Katelynas,SF-PF,11.60,,3.38,31.5,35.0,7,2005.0,,,,80.5,105.5,217.0,83.0
Jason Klotz,C-PF,13.13,,3.68,21.5,27.0,12,2005.0,,,,81.75,107.5,249.4,82.0
Carl Krauser,PG-SG,11.62,,3.38,26.0,31.0,8,2005.0,,,,72.75,98.5,193.4,77.5
Keith Langford,SG-SF,11.38,,3.23,32.0,29.5,8,2005.0,,,,75.5,101.0,203.2,81.0
David Lee,PF,10.80,,3.19,30.5,32.5,14,2005.0,,,,81.0,106.5,229.5,84.0
David Lucas,PF,,,,,,17,2005.0,,,,79.75,103.5,233.4,84.0
John Lucas III,PG,10.44,,3.14,29.0,34.0,4,2005.0,,,,70.5,92.0,154.4,72.0
Rawle Marshall,SG-SF,11.64,,3.21,30.5,37.0,7,2005.0,,,,77.75,104.0,186.6,85.0
Jason Maxiell,PF,,,,,,,2005.0,,,,78.25,107.0,257.6,87.25
Sean May,PF,11.04,,3.29,30.0,33.0,12,2005.0,,,,80.5,105.0,258.8,85.25
Rashad McCants,SG,10.39,,3.11,32.5,34.5,15,2005.0,,,,76.0,103.5,201.0,82.75
Ivan McFarlin,PF,10.64,,3.27,26.5,32.0,10,2005.0,,,,78.75,105.5,228.6,81.0
Juan Mendez,PF-SF,11.70,,3.24,29.0,33.0,14,2005.0,,,,78.75,106.5,231.4,84.0
Aaron Miles,PG,10.69,,3.22,32.0,37.5,7,2005.0,,,,73.5,94.0,174.6,75.5
Ellis Myles,PF,12.80,,3.42,26.0,28.5,15,2005.0,,,,79.25,105.5,255.2,81.75
Larry O'Bannon,SG,11.44,,3.18,31.5,36.5,17,2005.0,,,,76.25,99.5,196.0,78.0
Drago Pasalic,SF-PF,12.12,,3.48,25.0,30.5,11,2005.0,,,,83.0,108.5,238.8,83.75
Chris Paul,PG,11.09,,3.22,32.0,38.0,10,2005.0,,,,73.0,93.0,178.0,76.25
Kevin Pittsnogle,PF,,,,,,,2005.0,,,,82.25,106.0,259.2,82.5
Roger Powell,SF,,,,,,,2005.0,,,,78.0,104.0,218.6,83.5
Carlos Powell,SF-PF,11.54,,3.21,27.5,34.5,12,2005.0,,,,78.75,105.0,221.8,82.75
Ronnie Price,PG,10.49,,3.29,31.5,39.0,11,2005.0,,,,74.25,96.5,184.8,77.5
Anthony Roberson,PG,11.17,,3.19,31.5,37.0,14,2005.0,,,,74.5,95.0,178.8,74.75
Brandon Rush,SG-SF,11.33,,3.31,32.5,35.0,0,2005.0,,,,78.5,104.5,211.4,83.25
Luke Schenscher,C,12.40,,3.47,23.5,26.5,1,2005.0,,,,85.5,111.5,241.6,89.0
Wayne Simien,PF,11.05,,3.35,27.0,27.5,11,2005.0,,,,81.0,107.0,255.8,84.0
Tre Simmons,SG-SF,10.80,,3.18,27.0,31.5,3,2005.0,,,,77.0,102.5,194.2,79.5
David Simon,C-PF,11.98,,3.44,28.0,33.0,18,2005.0,,,,81.5,108.0,258.8,87.5
Chris Taft,PF,11.26,,3.27,28.5,33.0,14,2005.0,,,,81.5,109.0,261.0,85.75
Omar Thomas,SF-SG,11.11,,3.27,25.0,29.5,6,2005.0,,,,76.5,102.0,200.0,80.0
Chris Thomas,PG,10.84,,3.33,28.5,34.0,14,2005.0,,,,73.0,95.0,176.2,75.0
Dijon Thompson,SF-SG,,,,,,,2005.0,,,,80.0,105.5,195.8,81.75
Ronny Turiaf,PF,11.50,,3.23,30.5,33.0,15,2005.0,,,,81.25,106.5,237.8,85.5
Charlie Villanueva,PF-SF,10.86,,3.30,26.0,31.0,11,2005.0,,,,81.5,109.0,236.6,84.25
Hakim Warrick,PF-SF,,,3.22,33.0,38.0,11,2005.0,,,,80.5,108.0,215.0,86.0
Martell Webster,SF,11.39,,3.39,28.0,30.5,7,2005.0,,,,79.5,106.0,229.6,83.0
Robert Whaley,PF-C,12.11,,3.25,28.5,33.5,15,2005.0,,,,81.0,108.0,269.4,86.0
Marvin Williams,PF-SF,11.11,,3.17,29.5,35.0,12,2005.0,,,,80.25,108.0,228.2,87.5
Deron Williams,PG,10.83,,3.25,30.0,35.0,15,2005.0,,,,74.75,98.0,202.4,78.25
Jawad Williams,SF,11.39,,3.23,28.0,34.0,15,2005.0,,,,80.0,106.5,218.0,85.25
Antoine Wright,SF-SG,11.45,,3.41,26.5,29.5,12,2005.0,,,,78.25,104.5,202.6,80.75
Bracey Wright,SG-PG,11.58,,3.27,30.0,36.0,8,2005.0,,,,74.5,100.5,186.8,82.0
Kenny Adeleke,PF-C,11.57,,3.47,28.5,30.5,26,2006.0,10.5,,,79.75,104.0,250.0,82.25
Maurice Ager,SG-PG,11.73,,3.22,29.5,35.0,11,2006.0,8.0,,,76.5,101.5,203.0,79.75
LaMarcus Aldridge,PF-C,12.02,,3.43,26.5,34.0,8,2006.0,8.7,,,83.25,110.0,234.0,88.75
Morris Almond,SG-SF,11.45,,3.19,31.0,35.5,13,2006.0,6.9,,,78.0,102.5,214.0,82.0
Lou Amundson,PF,10.58,,3.2,32.0,35.5,14,2006.0,6.8,,,80.0,103.5,221.0,83.5
Rashad Anderson,SG,11.77,,3.48,27.5,32.5,13,2006.0,17.3,,,76.5,100.0,224.0,79.0
Hilton Armstrong,C-PF,12.28,,3.53,28.5,31.5,13,2006.0,6.3,,,82.25,109.0,240.0,88.0
James Augustine,PF,10.54,,3.25,30.0,32.5,13,2006.0,5.5,,,81.75,104.0,227.0,84.25
Renaldo Balkman,SF-PF,11.58,,3.22,30.5,35.0,9,2006.0,4.9,,,78.5,104.5,206.0,85.0
J.P. Batista,PF,11.62,,3.38,26.0,30.5,26,2006.0,12.0,,,80.5,103.5,265.0,82.0
Will Blalock,PG,11.08,,3.18,35.0,40.0,8,2006.0,7.2,,,72.5,96.5,194.0,78.0
Brandon Bowman,SF,11.41,,3.31,31.0,34.0,24,2006.0,8.4,,,80.25,103.0,209.0,83.5
Ronnie Brewer,SG-PG,11.32,,3.14,35.0,41.0,19,2006.0,5.0,,,78.75,103.5,223.0,83.25
Denham Brown,SG-SF,11.42,,3.25,28.0,34.5,12,2006.0,9.0,,,77.0,102.5,218.0,81.5
Brad Buckman,PF,12.26,,3.54,25.5,30.5,10,2006.0,10.5,,,80.75,107.5,238.0,84.0
Nik Caner-Medley,SF,10.57,,3.21,28.5,35.5,17,2006.0,9.6,,,80.0,103.0,234.0,81.0
Rodney Carney,SG-SF,10.57,,3.06,32.0,38.5,10,2006.0,5.3,,,77.75,103.5,204.0,82.0
Keydren Clark,PG,11.03,,3.11,31.0,34.0,13,2006.0,11.6,,,70.25,92.5,184.0,74.5
Mardy Collins,PG-SG,12.0,,3.27,31.5,37.5,9,2006.0,10.0,,,77.5,103.0,224.0,82.0
Taquan Dean,SG-PG,10.53,,3.2,30.5,34.5,16,2006.0,3.9,,,75.0,98.0,183.0,78.75
Terence Dials,PF-C,11.54,,3.5,26.5,30.0,16,2006.0,15.8,,,81.0,106.0,253.0,84.0
Sean Dockery,PG-SG,10.88,,3.34,29.0,33.0,4,2006.0,7.3,,,74.0,95.5,182.0,76.5
Jordan Farmar,PG,11.07,,3.17,33.5,42.0,11,2006.0,4.4,,,74.0,94.5,171.0,75.0
Randy Foye,SG-PG,10.53,,3.23,32.0,38.0,14,2006.0,10.0,,,75.25,97.0,212.0,78.25
Torin Francis,PF-C,11.97,,3.51,26.5,32.0,9,2006.0,12.4,,,82.0,105.5,247.0,85.0
Rudy Gay,SF-PF,11.03,,3.32,33.0,40.5,9,2006.0,5.7,,,80.0,107.5,222.0,87.0
Nick George,SF-SG,11.69,,3.25,30.5,38.0,14,2006.0,6.0,,,77.75,103.0,201.0,82.0
Taj Gray,PF-SF,11.02,,3.45,28.5,33.0,10,2006.0,6.8,,,80.5,107.0,231.0,84.75
Dan Grunfeld,SF-SG,11.3,,3.46,28.0,33.5,16,2006.0,10.4,,,78.0,99.0,216.0,78.25
Matt Haryasz,PF-C,11.34,,3.46,27.5,31.5,10,2006.0,9.8,,,83.0,107.5,219.0,84.25
Eric Hicks,PF,12.06,,3.34,30.0,34.0,20,2006.0,7.1,,,77.5,105.5,238.0,85.5
Tedric Hill,SF-PF,12.23,,3.24,30.0,36.5,1,2006.0,7.3,,,81.0,107.0,236.0,85.0
Daniel Horton,PG-SG,10.35,,3.16,30.0,36.5,17,2006.0,8.0,,,74.25,96.5,198.0,79.0
Solomon Jones,PF-C,11.27,,3.3,32.0,39.0,6,2006.0,7.4,,,81.75,109.0,224.0,88.75
Bobby Jones,SF-SG,11.23,,3.28,28.5,34.5,15,2006.0,8.0,,,78.75,101.5,211.0,81.5
Viktor Keyru,SG-PG,11.4,,3.24,29.0,34.5,11,2006.0,5.5,,,78.0,104.0,202.0,81.25
Marco Killingsworth,PF,11.42,,3.34,28.0,32.0,13,2006.0,19.0,,,78.75,104.0,266.0,87.0
Tarence Kinsey,SF-SG,10.67,,3.3,29.0,35.5,5,2006.0,4.1,,,77.5,100.5,179.0,78.75
Carl Krauser,PG,11.62,,3.38,26.0,31.0,8,2006.0,8.0,,,72.75,97.0,190.0,78.25
Chris McCray,SG,11.46,,3.34,30.5,39.0,1,2006.0,9.6,,,76.0,96.5,187.0,77.75
Gerry McNamara,PG-SG,11.28,,3.4,27.0,32.0,3,2006.0,12.8,,,72.5,92.5,177.0,72.75
Pops Mensah-Bonsu,PF-C,11.47,,3.29,31.5,36.0,19,2006.0,5.8,,,81.0,105.5,232.0,84.0
Paul Miller,PF-C,12.25,,3.66,29.0,35.5,25,2006.0,13.8,,,81.25,101.5,251.0,84.0
Paul Millsap,PF,11.67,,3.3,28.5,32.5,15,2006.0,9.7,,,79.25,105.5,258.0,85.5
Dwayne Mitchell,SG-SF,11.45,,3.16,37.5,41.5,17,2006.0,4.5,,,75.25,98.5,208.0,78.5
Adam Morrison,SF,11.46,,3.37,25.5,30.5,11,2006.0,6.8,,,79.75,105.0,198.0,82.0
Yemi Nicholson,PF-C,12.57,,3.65,26.5,26.0,8,2006.0,17.2,,,81.5,107.0,258.0,88.25
David Noel,SF-SG,10.54,,3.07,34.5,38.5,20,2006.0,6.1,,,78.0,100.0,223.0,81.5
Steve Novak,SF,11.11,,3.37,24.5,31.0,5,2006.0,8.1,,,81.25,103.0,216.0,81.5
Patrick O'Bryant,C,12.68,,3.63,26.5,30.0,13,2006.0,10.0,,,84.0,113.0,249.0,89.75
Danilo Pinnock,PG-SG,11.91,,3.08,29.5,35.5,7,2006.0,4.6,,,76.0,100.5,204.0,79.5
Chris Quinn,PG-SG,11.25,,3.25,32.0,37.0,7,2006.0,5.9,,,73.5,94.0,175.0,77.0
Allan Ray,SG,11.01,,3.2,28.5,35.5,9,2006.0,9.8,,,74.25,99.5,204.0,80.5
JJ Redick,SG,10.94,,3.29,27.5,33.0,6,2006.0,7.0,,,76.75,97.5,190.0,75.25
Antywane Robinson,SF-PF,11.73,,3.4,29.0,32.5,12,2006.0,6.9,,,79.5,105.5,217.0,86.5
Brandon Roy,SG-SF,11.13,,3.27,34.0,40.5,6,2006.0,7.6,,,78.25,101.0,207.0,80.0
Blake Schilb,PG-SG,11.25,,3.43,28.5,34.5,13,2006.0,11.3,,,78.25,102.0,209.0,80.75
Mouhamed Sene,C,12.52,,3.38,28.5,31.0,7,2006.0,6.6,,,84.0,113.0,237.0,92.5
Cedric Simmons,PF-C,11.05,,3.31,30.5,35.0,15,2006.0,5.6,,,81.5,108.5,223.0,88.25
Marcus Slaughter,PF-SF,11.56,,3.4,30.0,34.0,9,2006.0,8.5,,,80.0,104.5,220.0,83.5
Craig Smith,PF,11.59,,3.4,30.0,29.5,,2006.0,12.2,,,78.5,103.5,259.0,81.5
Steven Smith,SF-PF,12.08,,3.4,29.5,34.5,15,2006.0,7.8,,,81.25,104.0,238.0,84.5
Michael Southhall,C,12.29,,3.51,31.5,37.0,2,2006.0,7.9,,,82.25,107.5,241.0,88.25
Frans Steyn,C,11.67,,3.38,28.5,29.5,,2006.0,12.8,,,86.5,109.0,280.0,86.25
Curtis Stinson,SG,10.95,,3.27,28.0,31.5,17,2006.0,6.0,,,74.75,97.5,208.0,77.0
Tyrus Thomas,PF-SF,11.36,,3.2,34.0,39.5,8,2006.0,5.6,,,80.25,108.0,217.0,87.0
Joah Tucker,SF-SG,11.58,,3.31,29.0,34.0,19,2006.0,7.0,,,77.25,99.5,224.0,78.5
Ian Vouyoukas,C-PF,13.7,,3.72,23.0,28.0,8,2006.0,14.8,,,81.5,108.5,267.0,84.75
Darius Washington,PG,10.71,,3.26,29.0,37.5,9,2006.0,9.7,,,73.0,96.0,195.0,76.0
CJ Watson,PG,11.61,,3.15,31.5,34.0,12,2006.0,5.2,,,73.75,96.0,171.0,78.0
Eric Williams,C-PF,11.71,,3.56,28.5,29.0,17,2006.0,13.0,,,80.75,106.5,285.0,88.25
Shelden Williams,PF-C,11.53,,3.59,29.0,33.5,25,2006.0,11.4,,,80.5,104.0,258.0,88.25
Shawne Williams,SF-PF,10.69,,3.3,32.0,31.0,,2006.0,8.0,,,80.75,104.0,227.0,87.0
Marcus Williams,PG,11.3,,3.4,24.5,28.0,4,2006.0,12.4,,,75.25,97.5,215.0,79.0
Justin Williams,C-PF,11.9,,3.31,26.5,31.5,7,2006.0,6.5,,,80.75,109.0,211.0,85.5
Curtis Withers,PF-SF,11.54,,3.1,35.0,36.5,14,2006.0,5.0,,,78.5,101.0,227.0,82.0
Mohamed Abukar,SF,11.78,,3.37,30.5,35.0,15,2007.0,8.9,,,81.75,103.0,210.0,81.0
Mario Boggan,PF,12.18,,3.45,24.0,26.5,12,2007.0,9.2,,,79.0,107.0,240.0,86.0
Craig Bradshaw,PF,11.88,,3.54,26.0,28.0,12,2007.0,12.1,,,81.75,106.5,240.0,85.5
Corey Brewer,SF-SG,11.69,,3.22,30.5,36.5,11,2007.0,4.2,,,79.75,103.0,185.0,80.25
Aaron Brooks,PG,10.57,,3.20,32.5,39.5,6,2007.0,2.7,,,71.75,94.0,161.0,76.0
Bobby Brown,PG,11.27,,3.25,32.5,41.0,3,2007.0,6.6,,,73.75,95.5,170.0,76.0
Russell Carter,SG,11.61,,3.29,33.0,38.5,25,2007.0,6.0,,,76.5,97.5,221.0,80.5
Coleman Collins,PF,11.47,,,30.0,35.0,21,2007.0,6.2,,,81.75,107.0,236.0,86.0
Mike Conley,PG,11.63,,3.09,35.5,40.5,13,2007.0,4.2,,,72.75,94.5,175.0,77.75
Daequan Cook,SG,11.12,,3.22,30.0,34.5,4,2007.0,7.0,,,77.75,101.5,203.0,80.25
Ryvon Covile,C-PF,12.52,,3.37,25.0,30.5,19,2007.0,8.0,,,80.5,107.5,250.0,85.25
Javaris Crittenton,PG,11.60,,3.32,32.5,38.0,11,2007.0,4.5,,,76.75,98.0,194.0,77.5
Jermareo Davidson,PF,12.63,,3.53,27.0,30.0,7,2007.0,6.9,,,83.0,109.5,230.0,88.0
Justin Doellman,PF,,,,,,19,2007.0,7.0,,,81.5,105.0,205.0,80.75
Zabian Dowdell,PG,11.13,,3.29,30.0,33.5,3,2007.0,5.1,,,75.0,100.0,191.0,82.0
Jared Dudley,SF,11.32,,3.45,28.0,32.0,14,2007.0,7.1,,,79.25,102.0,219.0,79.0
Kevin Durant,SF-PF,12.33,,3.45,26.0,33.5,0,2007.0,6.6,,,82.25,110.0,215.0,88.75
Rashaun Freeman,PF,11.43,,3.41,28.0,32.0,20,2007.0,11.5,,,80.0,104.0,244.0,83.5
Aaron Gray,C,12.07,,3.70,27.0,32.5,17,2007.0,10.8,,,85.75,108.5,271.0,87.25
Jeff Green,SF,12.00,,3.34,33.5,38.0,17,2007.0,3.7,,,81.5,103.0,228.0,85.25
Taurean Green,PG,11.30,,3.26,29.0,32.5,8,2007.0,4.6,,,72.75,96.0,173.0,74.25
Caleb Green,PF,11.72,,3.46,28.5,36.0,9,2007.0,10.9,,,80.0,103.0,238.0,83.75
Spencer Hawes,PF,11.88,,3.51,26.0,29.0,9,2007.0,13.0,,,84.75,110.0,244.0,84.5
Brandon Heath,PG,11.39,,3.28,32.0,36.0,11,2007.0,9.0,,,75.75,94.0,181.0,79.0
Herbert Hill,C,12.31,,3.39,30.5,34.0,15,2007.0,5.6,,,81.75,108.5,232.0,86.25
Al Horford,PF,12.15,,3.37,31.0,35.5,20,2007.0,9.1,,,81.75,107.0,246.0,84.75
Quinton Hosley,SF-SG,12.47,,3.32,28.5,34.0,12,2007.0,5.7,,,79.75,105.0,215.0,83.25
James Hughes,C,13.31,,3.37,31.0,33.0,8,2007.0,3.5,,,82.75,111.0,209.0,87.0
Jeremy Hunt,SG,12.11,,3.29,30.5,33.0,10,2007.0,5.2,,,76.75,101.5,198.0,80.25
Ekene Ibekwe,PF,11.00,,3.28,34.5,39.0,10,2007.0,3.2,,,81.0,104.0,208.0,90.0
Dominic James,PG,10.94,,3.11,33.5,38.5,14,2007.0,4.8,,,71.75,93.0,175.0,74.0
Trey Johnson,SG,11.78,,3.31,26.5,35.0,18,2007.0,5.4,,,77.75,98.0,216.0,77.0
Rashad Jones-Jennings,PF,12.18,,3.29,25.0,30.0,20,2007.0,5.9,,,79.5,105.5,235.0,84.0
Jared Jordan,PG,11.02,,3.39,24.5,28.5,6,2007.0,7.0,,,73.75,94.0,183.0,72.0
Coby Karl,SG-PG,11.57,,3.41,32.0,34.5,9,2007.0,5.4,,,76.75,99.5,204.0,83.0
Antanas Kavaliauskas,PF,11.19,,3.42,25.5,30.0,19,2007.0,7.7,,,82.5,106.5,237.0,82.5
Carl Landry,PF,11.35,,3.29,31.5,36.5,21,2007.0,7.5,,,80.5,102.5,248.0,83.0
Stephane Lasme,PF,11.73,,3.22,29.5,36.0,17,2007.0,4.9,,,79.0,107.0,213.0,86.0
Acie Law,PG,11.00,,3.22,29.0,34.0,8,2007.0,5.6,,,75.5,98.0,186.0,78.5
Marko Lekic,C,11.96,,3.43,24.0,30.5,19,2007.0,11.4,,,82.5,108.5,267.0,85.0
Ron Lewis,SG,11.59,,3.22,33.0,38.0,16,2007.0,4.5,,,76.5,99.0,194.0,78.5
Cartier Martin,SF,12.10,,3.43,27.0,29.5,11,2007.0,5.6,,,78.5,103.5,218.0,82.0
Dominic McGuire,SF,10.95,,3.25,28.5,34.5,12,2007.0,4.7,,,80.25,104.0,220.0,82.5
Josh McRoberts,PF,11.70,,3.47,27.5,31.5,12,2007.0,13.7,,,82.0,106.5,240.0,85.0
Sammy Mejia,SG,11.87,,3.49,27.0,31.5,7,2007.0,8.3,,,79.0,105.0,218.0,83.0
Brad Newley,SG,11.77,,3.29,29.5,31.5,3,2007.0,8.0,,,78.5,102.5,201.0,80.0
Demetris Nichols,SF,10.39,,3.38,28.5,32.5,16,2007.0,6.2,,,79.5,105.0,211.0,84.25
Joakim Noah,PF,11.79,,3.47,32.5,37.5,12,2007.0,4.8,,,84.0,106.5,223.0,85.25
Greg Oden,C,11.67,,3.27,32.0,34.0,,2007.0,7.8,,,84.0,112.0,257.0,88.25
Ivan Radenovic,PF,11.61,,3.60,23.0,28.0,7,2007.0,9.8,,,82.75,106.0,226.0,83.75
JR Reynolds,PG,11.69,,3.24,27.5,34.5,15,2007.0,8.2,,,74.75,95.0,188.0,75.25
Chris Richard,PF,11.39,,3.29,26.5,30.5,15,2007.0,7.5,,,80.75,110.5,252.0,88.5
Dustin Salisbery,SG,11.07,,3.12,34.0,38.0,11,2007.0,6.6,,,76.75,100.5,208.0,80.0
Blake Schilb,SG,11.63,,3.36,26.5,33.5,11,2007.0,10.0,,,79.0,102.5,214.0,81.0
Renaldas Seibutis,SG,11.33,,3.39,24.0,32.5,1,2007.0,6.1,,,77.75,101.0,185.0,80.75
Ramon Sessions,PG,11.65,,3.27,29.5,33.5,8,2007.0,6.2,,,75.75,97.5,185.0,76.25
Mustafa Shakur,PG,11.82,,3.27,28.5,35.0,11,2007.0,4.1,,,76.5,99.0,185.0,77.5
Jason Smith,PF,10.96,,3.29,33.5,37.5,15,2007.0,7.5,,,83.5,106.0,233.0,82.75
DJ Strawberry,SG,10.87,,3.14,28.5,35.0,21,2007.0,4.5,,,77.0,101.0,199.0,78.5
Rodney Stuckey,SG-PG,11.34,,3.11,30.5,35.0,14,2007.0,6.1,,,76.5,100.5,207.0,79.25
Curtis Sumpter,SF,11.30,,3.22,27.5,32.5,12,2007.0,5.3,,,79.75,104.0,227.0,81.5
Yue Sun,SF,10.68,,3.45,29.0,34.0,9,2007.0,5.1,,,80.75,105.0,212.0,81.0
Jamaal Tatum,PG,11.51,,3.22,28.5,33.0,7,2007.0,5.0,,,72.75,93.5,168.0,74.5
Reyshawn Terry,SF,11.76,,3.26,31.0,37.5,18,2007.0,8.9,,,79.5,103.5,222.0,82.0
Al Thornton,SF,11.96,,3.16,35.0,41.0,9,2007.0,5.8,,,79.0,104.0,221.0,85.0
Anthony Tolliver,PF,11.49,,3.29,28.5,30.0,21,2007.0,5.7,,,80.5,107.5,242.0,86.5
Ali Traore,C-PF,12.16,,3.52,25.0,29.0,11,2007.0,12.1,,,81.75,108.5,249.0,88.0
Kyle Visser,C,12.60,,3.39,26.0,29.0,18,2007.0,10.2,,,83.5,108.0,242.0,83.0
Darryl Watkins,C,11.65,,3.56,26.5,31.0,14,2007.0,6.9,,,82.25,110.0,241.0,87.0
Major Wingate,C,12.14,,3.47,27.5,30.5,15,2007.0,6.7,,,82.75,109.0,242.0,88.0
DaShaun Wood,PG,11.40,,3.23,31.5,34.5,13,2007.0,5.4,,,71.5,92.0,167.0,72.75
Julian Wright,SF-PF,11.48,,3.36,28.5,33.5,2,2007.0,6.1,,,80.5,108.0,211.0,86.25
Brandan Wright,PF,11.76,,3.31,30.5,35.5,2,2007.0,5.8,,,82.0,108.5,200.0,87.75
Avis Wyatt,PF,11.46,,3.23,27.5,32.0,12,2007.0,3.3,,,81.5,107.0,212.0,85.0
Jianlian Yi,,,,,,,,2007.0,,,,,,,
Thaddeus Young,SF,11.06,,3.19,34.5,37.0,13,2007.0,4.9,,,79.5,106.0,210.0,83.5
Nick Young,SG-SF,11.00,,3.25,39.5,40.5,6,2007.0,6.8,,,78.75,100.5,206.0,84.0
Joe Alexander,SF-PF,11.33,,2.99,32.5,38.5,24,2008.0,5.8,,,80.25,106.0,220.0,83.5
Darrell Arthur,PF,12.18,,3.14,28.5,30.0,12,2008.0,7.3,,,80.5,107.0,216.0,82.75
D.J. Augustin,PG,11.27,,3.07,28.5,35.0,2,2008.0,8.1,,,71.5,94.5,171.5,75.5
Jerryd Bayless,PG-SG,11.26,,3.07,31.0,38.0,10,2008.0,4.7,,,75.0,97.0,204.0,75.5
Michael Beasley,PF-SF,11.06,,3.24,30.0,35.0,19,2008.0,7.7,,,80.25,107.0,239.0,84.25
Ramel Bradley,PG-SG,10.68,,3.24,24.5,29.5,9,2008.0,5.7,,,74.25,98.0,184.0,77.0
Tyrone Brazelton,PG,11.59,,3.25,30.0,34.0,8,2008.0,8.1,,,71.0,94.0,166.0,73.75
Takais Brown,PF,12.47,,3.25,29.0,31.0,22,2008.0,9.2,,,80.5,106.0,252.0,82.0
Keith Brumbaugh,SF-PF,11.65,,3.28,26.0,27.0,2,2008.0,4.0,,,80.75,104.5,190.0,79.25
Stanley Burrell,PG,11.19,,3.19,29.5,34.5,21,2008.0,5.6,,,74.5,97.5,201.0,78.25
Brian Butch,C-PF,11.87,,3.52,24.0,26.5,9,2008.0,10.8,,,83.0,108.0,229.6,83.25
Jamar Butler,PG,,,,,,15,2008.0,6.0,,,73.5,97.0,182.0,76.75
Pat Calathes,SF-PF,,,,,,7,2008.0,7.3,,,81.75,106.0,204.0,81.75
Joe Crawford,SG,11.67,,3.22,31.0,36.0,13,2008.0,7.6,,,76.0,99.5,213.0,77.75
Chris Daniels,C-PF,12.72,,3.56,26.0,28.5,11,2008.0,16.1,,,81.5,109.0,256.0,84.5
Joey Dorsey,PF-C,11.84,,3.20,27.5,33.0,19,2008.0,9.0,,,79.25,107.0,265.0,85.75
Marcus Dove,SF-PF,11.59,,3.26,27.5,33.5,10,2008.0,5.3,,,79.5,105.0,208.0,83.5
Josh Duncan,PF,12.47,,3.26,28.0,32.0,26,2008.0,5.4,,,81.0,104.5,230.0,83.5
Frank Elegar,PF,11.86,,3.17,33.5,37.5,11,2008.0,4.5,,,80.75,106.0,210.0,87.25
Patrick Ewing Jr.,SF-PF,11.77,,3.43,35.0,42.0,2,2008.0,9.4,,,79.25,97.5,224.0,84.25
Gary Forbes,SG,11.45,,3.25,27.5,33.5,13,2008.0,6.5,,,77.75,104.5,220.5,83.25
Shan Foster,SG,12.30,,3.24,30.0,33.0,10,2008.0,6.3,,,77.25,103.5,194.5,83.5
J.R. Giddens,SG,,,,,,10,2008.0,5.4,,,76.75,103.0,208.0,83.25
James Gist,PF,11.37,,3.14,30.5,35.0,5,2008.0,4.8,,,80.5,107.5,220.0,88.0
Vladimir Golubovic,C,12.40,,3.33,21.5,27.0,15,2008.0,6.9,,,84.25,111.5,258.0,86.5
Eric Gordon,SG,10.81,,3.01,32.0,40.0,15,2008.0,8.2,,,75.25,99.0,222.0,81.0
Kentrell Gransberry,C,12.16,,3.32,24.5,27.5,18,2008.0,17.4,,,79.75,106.0,290.0,82.25
Donte Greene,SF-PF,11.21,,3.20,27.5,31.5,2,2008.0,7.6,,,81.0,108.0,221.0,82.0
Malik Hairston,SG,11.33,,3.08,30.5,38.0,13,2008.0,6.9,,,77.25,103.5,204.0,81.0
DeVon Hardin,C-PF,11.49,,3.33,29.5,32.0,20,2008.0,5.8,,,82.75,109.5,235.0,87.0
Richard Hendrix,PF,10.62,,3.27,26.5,28.0,13,2008.0,9.2,,,80.75,108.0,250.0,87.0
George Hill,PG,12.20,,3.07,34.0,37.5,9,2008.0,3.0,,,74.5,97.5,181.0,81.0
Kyle Hines,SF-PF,12.17,,3.40,28.5,33.0,16,2008.0,3.6,,,77.25,104.5,234.0,85.25
Jiri Hubalek,C-PF,12.26,,3.54,20.5,26.0,2,2008.0,8.8,,,83.0,109.0,226.0,82.75
Lester Hudson,PG,11.15,,3.16,30.5,36.0,12,2008.0,3.4,,,73.0,98.5,196.0,80.75
Othello Hunter,PF-SF,11.51,,3.18,28.0,34.5,7,2008.0,6.4,,,79.5,109.5,220.0,87.0
Darnell Jackson,PF,11.75,,3.26,27.0,31.0,11,2008.0,12.5,,,79.75,106.5,240.5,83.25
Shawn James,PF,,,,,,6,2008.0,9.2,,,81.0,111.0,217.0,89.0
Davon Jefferson,SF,12.02,,3.36,27.0,32.0,2,2008.0,12.0,,,78.5,105.0,213.0,81.5
Joseph Jones,PF,11.61,,3.33,25.5,31.0,16,2008.0,12.2,,,80.5,107.0,240.0,84.25
DeAndre Jordan,C,12.30,,3.27,26.0,30.5,8,2008.0,7.5,,,83.0,113.5,250.0,90.0
Sasha Kaun,C-PF,12.06,,3.20,29.0,32.0,13,2008.0,9.6,,,82.75,110.0,247.0,88.0
Marcelus Kemp,SG,11.79,,3.39,26.0,30.0,9,2008.0,9.0,,,76.25,103.5,221.0,80.5
Maarty Leunen,SF,11.57,,3.36,29.5,34.5,14,2008.0,8.9,,,80.5,102.5,222.0,80.0
Longar Longar,C,,,,,,14,2008.0,10.6,,,82.0,109.5,212.5,85.25
Brook Lopez,C,12.77,,3.57,27.5,30.5,7,2008.0,6.3,,,84.5,113.0,258.0,89.5
Kevin Love,PF,11.17,,3.22,29.5,35.0,18,2008.0,12.9,,,81.5,106.0,255.0,83.25
Aleks Maric,C,11.76,,3.35,23.0,28.0,15,2008.0,10.1,,,82.75,109.5,273.0,85.0
O.J. Mayo,SG-PG,11.04,,3.14,30.5,41.0,7,2008.0,6.3,,,76.25,99.5,200.0,78.0
James Mays,PF,11.23,,3.19,29.5,35.0,13,2008.0,8.8,,,79.75,105.0,227.0,85.75
Luc Mbah a Moute,SF,11.71,,3.17,32.0,38.5,11,2008.0,7.0,,,79.5,103.5,221.0,86.5
JaVale McGee,C-PF,12.75,,3.25,27.0,32.5,7,2008.0,5.3,,,84.0,114.5,241.0,90.0
Drew Neitzel,PG,11.19,,3.20,25.5,32.0,10,2008.0,6.2,,,72.75,95.0,175.5,74.5
DeMarcus Nelson,PG-SG,10.54,,3.13,34.5,38.5,19,2008.0,4.5,,,74.25,98.5,198.0,82.0
David Padgett,C-PF,12.45,,3.45,24.0,28.0,17,2008.0,9.0,,,83.5,109.5,239.5,85.0
Jeremy Pargo,PG,10.65,,3.07,32.0,37.0,7,2008.0,7.6,,,73.5,96.0,208.0,77.0
Trent Plaisted,PF,11.32,,3.17,30.5,35.5,14,2008.0,11.0,,,82.25,105.5,240.0,82.5
Quan Prowell,SF-PF,11.79,,3.14,32.0,36.0,16,2008.0,6.5,,,79.75,103.5,225.5,82.5
Shaun Pruitt,C-PF,11.30,,3.40,27.0,32.5,10,2008.0,13.8,,,81.0,107.5,242.2,85.0
Anthony Randolph,PF-SF,11.86,,3.26,29.0,35.0,7,2008.0,4.7,,,82.25,109.0,197.0,87.0
Charles Rhodes,PF,11.51,,3.13,26.5,33.5,14,2008.0,10.7,,,80.25,107.5,244.0,83.25
John Riek,C,,,,,,,2008.0,11.0,,,84.0,,237.0,92.75
Brian Roberts,PG,10.65,,3.05,31.5,36.5,10,2008.0,3.6,,,73.25,95.0,173.0,73.25
Russell Robinson,PG,11.30,,3.15,25.0,31.5,8,2008.0,7.4,,,73.5,100.5,196.0,80.0
Richard Roby,SG-SF,,,,,,,2008.0,9.2,,,77.5,104.0,203.0,81.75
Derrick Rose,PG,11.69,,3.05,34.5,40.0,10,2008.0,4.6,,,74.5,98.5,196.0,80.0
Sean Singletary,PG,,,,26.0,,18,2008.0,4.2,,,72.0,95.0,183.8,76.5
Ronald Steele,PG,11.08,,3.26,25.0,29.5,5,2008.0,8.1,,,73.5,97.5,183.5,76.25
Bryce Taylor,SG,11.08,,3.19,34.5,41.0,16,2008.0,8.3,,,76.25,99.5,210.0,81.0
Mike Taylor,SG-PG,10.98,,3.08,31.0,39.0,2,2008.0,3.8,,,74.0,98.0,166.2,79.25
Mark Tyndale,SG-SF,12.52,,3.14,27.0,33.5,5,2008.0,6.7,,,75.5,103.5,217.0,83.0
Robert Vaden,SG,11.97,,3.40,26.0,29.5,10,2008.0,6.2,,,76.5,101.0,199.0,80.0
Deron Washington,SF,11.03,,3.09,34.0,40.0,7,2008.0,7.2,,,78.25,102.5,198.5,81.0
Sonny Weems,SG-SF,10.58,,2.96,29.0,36.5,12,2008.0,4.4,,,77.5,104.0,193.0,82.0
Russell Westbrook,PG,10.98,,3.08,30.0,36.5,12,2008.0,4.8,,,75.5,100.0,192.0,79.75
Reggie Williams,SG,11.32,,3.07,31.5,36.5,15,2008.0,5.3,,,76.0,103.0,199.0,81.25
Jeff Adrien,PF,11.34,,3.32,27.5,31.5,16,2009.0,7.9,,,78.5,107.5,236.2,86.0
Jeff Ayres,PF,11.98,,3.14,31.0,35.0,15,2009.0,5.5,,,82.0,107.0,239.6,85.0
Rodrigue Beaubois,PG,10.49,,3.15,29.5,39.0,3,2009.0,7.9,,,74.25,100.0,182.4,81.75
DeJuan Blair,PF,11.50,,3.45,26.0,33.0,18,2009.0,12.0,,,78.5,106.5,276.6,86.0
Derrick Brown,SF-PF,11.26,,3.13,30.5,35.5,20,2009.0,8.6,,,80.5,107.5,224.6,86.5
Chase Budinger,SF-SG,11.08,,3.24,29.5,38.5,10,2009.0,10.0,,,79.0,101.0,206.4,79.0
DeMarre Carroll,PF-SF,,,,,,,2009.0,6.3,,,79.75,105.0,207.2,82.0
Omri Casspi,SF,11.15,,3.28,25.5,32.5,2,2009.0,8.6,,,81.25,106.5,211.2,81.25
Dionte Christmas,SG,10.83,,3.21,27.0,33.5,3,2009.0,7.1,,,77.5,102.5,210.8,81.0
Earl Clark,SF-PF,11.17,,3.35,28.5,33.0,5,2009.0,5.2,,,82.25,109.5,228.4,86.5
Darren Collison,PG,10.45,,3.10,30.5,33.5,9,2009.0,5.7,,,73.5,96.5,166.2,75.0
Dante Cunningham,PF,11.18,,3.26,28.0,35.0,18,2009.0,4.8,,,80.25,106.5,227.4,83.0
Stephen Curry,PG-SG,11.07,,3.28,29.5,35.5,10,2009.0,5.7,,,75.25,97.0,181.0,75.5
Austin Daye,SF-PF,12.11,,3.55,25.0,28.0,0,2009.0,5.5,,,82.75,110.0,191.8,86.75
DeMar DeRozan,SG-SF,11.88,,3.31,29.0,38.5,5,2009.0,4.9,,,78.5,102.5,211.2,81.0
Toney Douglas,PG,10.63,,3.03,28.0,32.5,15,2009.0,5.2,,,74.0,97.5,183.4,78.0
Wayne Ellington,SG,11.14,,3.20,31.5,38.0,13,2009.0,5.5,,,77.25,100.0,202.4,78.5
Tyreke Evans,PG-SG,11.81,,3.17,28.5,34.0,7,2009.0,7.1,,,77.25,104.0,220.6,83.25
Jonny Flynn,PG,10.86,,3.23,33.0,40.0,10,2009.0,6.3,,,72.75,95.5,195.6,76.0
Taj Gibson,PF,11.56,,3.41,25.5,30.0,12,2009.0,6.6,,,81.75,109.0,214.4,88.0
Danny Green,SG-SF,11.30,,3.30,29.0,33.0,15,2009.0,5.6,,,78.5,103.0,208.0,82.0
Blake Griffin,PF,10.95,,3.28,32.0,35.5,22,2009.0,8.2,,,82.0,105.0,248.4,83.25
Tyler Hansbrough,PF,11.12,,3.27,27.5,34.0,18,2009.0,8.5,,,81.5,106.0,234.2,83.5
James Harden,SG,11.10,,3.13,31.5,37.0,17,2009.0,10.1,,,77.25,103.5,222.0,82.75
Gerald Henderson,SG-SF,11.17,,3.14,31.5,35.0,8,2009.0,4.4,,,77.0,102.5,214.6,82.25
Josh Heytvelt,PF-C,11.67,,3.38,28.5,34.0,15,2009.0,10.8,,,83.0,108.0,246.2,85.25
Jordan Hill,PF-C,12.23,,3.30,31.0,35.0,11,2009.0,6.0,,,82.25,108.0,232.4,85.5
Jrue Holiday,PG-SG,10.64,,3.21,28.5,34.0,6,2009.0,6.3,,,76.25,100.5,199.0,79.0
Joe Ingles,SF,10.66,,3.30,26.0,31.0,3,2009.0,10.1,,,80.25,105.0,209.2,82.25
James Johnson,SF-PF,11.21,,3.23,30.5,35.0,18,2009.0,12.0,,,79.75,105.5,257.2,84.75
Ty Lawson,PG,10.98,,3.12,29.0,36.5,14,2009.0,6.6,,,72.5,94.5,196.6,72.75
Eric Maynor,PG,10.78,,3.19,28.5,31.5,8,2009.0,5.4,,,75.25,97.0,163.6,74.5
Jack McClinton,SG-PG,10.44,,3.21,30.0,36.5,13,2009.0,6.2,,,72.75,96.0,185.2,74.5
Jerel McNeal,SG,10.61,,3.25,31.5,36.5,10,2009.0,5.4,,,75.0,99.5,190.4,79.25
Jodie Meeks,SG,10.96,,3.10,28.5,37.0,14,2009.0,8.0,,,76.0,98.0,211.4,76.5
Patty Mills,PG,10.87,,3.10,27.5,33.0,8,2009.0,6.9,,,72.5,95.0,175.4,74.0
Byron Mullens,C,11.10,,3.45,28.5,32.5,10,2009.0,8.5,,,85.25,111.0,258.2,85.5
A.J. Price,PG,10.99,,3.22,26.0,31.0,11,2009.0,12.4,,,74.0,97.0,192.8,75.75
Tyler Smith,SF,10.69,,3.24,29.0,33.5,10,2009.0,7.0,,,78.0,104.5,212.0,81.75
DaJuan Summers,SF,10.94,,3.17,29.5,34.5,15,2009.0,6.6,,,80.5,106.5,243.0,84.75
Jermaine Taylor,SG,11.54,,3.32,34.0,37.5,16,2009.0,5.8,,,76.75,101.0,207.4,80.75
Jeff Teague,PG,11.05,,3.18,30.5,36.5,13,2009.0,4.5,,,73.5,98.5,175.2,79.5
Hasheem Thabeet,C,,,,,,,2009.0,6.7,,,86.5,113.0,267.2,90.25
Marcus Thornton,SG,10.73,,3.28,31.0,33.0,14,2009.0,4.8,,,75.75,99.0,194.4,77.0
Terrence Williams,SG-SF,11.15,,3.18,30.5,37.0,9,2009.0,5.1,,,78.25,103.5,213.2,81.0
Sam Young,SF-SG,11.47,,3.45,27.5,33.0,,2009.0,4.9,,,78.75,105.5,222.8,82.75
Solomon Alabi,C,13.20,,3.68,22.5,26.0,10,2010.0,5.0,9.25,9.25,84.75,113.0,237.4,89.0
Cole Aldrich,C,11.48,,3.35,23.0,28.0,10,2010.0,8.5,9.0,9.25,83.25,111.5,236.0,88.75
Al-Farouq Aminu,SF,11.29,,3.30,27.0,33.5,13,2010.0,8.2,9.5,9.5,80.5,108.5,216.0,87.25
James Anderson,SF,11.86,,3.19,30.0,35.5,14,2010.0,7.9,8.5,7.25,77.75,104.0,207.6,80.5
Luke Babbitt,SF-PF,10.98,,3.40,29.5,37.5,15,2010.0,5.6,8.5,10.0,80.75,104.5,217.8,83.25
Eric Bledsoe,PG,,,,,,9,2010.0,5.6,8.5,9.75,73.5,98.0,191.6,79.5
Trevor Booker,PF,11.15,,3.10,31.0,36.0,22,2010.0,7.3,9.0,9.5,79.5,106.0,235.8,81.75
Craig Brackins,PF-SF,11.65,,3.39,26.0,35.0,6,2010.0,7.9,9.5,11.25,81.75,109.0,229.0,84.0
Avery Bradley,SG-PG,11.47,,3.14,31.5,37.5,2,2010.0,4.0,8.25,9.5,75.25,98.5,180.4,79.25
Derrick Caracter,PF,12.78,,3.61,25.0,30.5,22,2010.0,12.8,9.0,10.25,81.5,107.5,280.0,84.25
Sherron Collins,PG,12.31,,3.24,27.5,33.0,,2010.0,9.2,8.5,9.5,71.75,94.0,217.2,74.5
DeMarcus Cousins,C,11.40,,3.55,23.5,27.5,,2010.0,16.4,9.25,10.0,82.75,113.0,291.8,89.75
Jordan Crawford,SG,11.03,,3.37,31.5,34.5,7,2010.0,4.9,8.0,9.0,76.5,101.0,198.4,79.0
Ed Davis,PF,11.70,,3.21,31.0,36.0,,2010.0,10.0,9.25,10.0,81.75,108.0,226.6,84.0
Devin Ebanks,SF,11.69,,3.44,23.5,32.0,6,2010.0,7.9,8.25,9.0,80.25,107.5,207.8,84.25
Derrick Favors,PF,11.74,,3.25,31.5,35.5,14,2010.0,6.5,8.75,9.25,82.25,110.0,245.2,88.0
Keith Gallon,PF-C,13.44,,3.70,23.5,28.5,14,2010.0,15.1,9.25,10.5,81.5,109.5,301.8,88.5
Charles Garcia,SF,11.65,,3.23,24.5,30.5,2,2010.0,7.0,8.75,9.0,81.25,107.5,231.6,85.75
Paul George,SF,,,,,,4,2010.0,5.0,8.5,9.0,80.75,107.0,214.4,83.25
Luke Harangody,PF,11.83,,3.41,24.0,28.5,23,2010.0,11.1,8.75,9.75,79.75,106.0,240.2,81.5
Manny Harris,SG,,,,,,11,2010.0,3.8,8.5,9.0,77.5,102.0,185.1,79.25
Gordon Hayward,SF,11.73,,3.22,30.5,34.5,10,2010.0,6.9,8.5,9.25,80.0,103.0,211.0,79.75
Lazar Hayward,SG-SF,10.87,,3.31,31.0,36.0,15,2010.0,7.5,9.25,9.5,77.75,102.0,225.8,84.75
Xavier Henry,SG,11.10,,3.18,28.5,36.5,8,2010.0,4.7,8.75,10.0,78.5,105.0,210.2,83.25
Darington Hobson,SG-SF,11.68,,3.25,29.0,34.0,,2010.0,6.2,8.25,9.0,78.5,104.5,203.6,81.25
Damion James,SF,10.89,,3.20,29.0,33.0,13,2010.0,9.6,9.25,8.5,79.75,107.0,226.6,84.75
Armon Johnson,PG-SG,11.25,,3.19,31.5,38.5,18,2010.0,5.6,8.25,9.25,75.25,99.5,195.2,80.0
Wesley Johnson,SF,11.43,,3.14,32.0,37.0,16,2010.0,4.6,9.0,9.5,79.25,106.0,206.4,85.0
Dominique Jones,SG,10.88,,3.31,26.0,32.5,19,2010.0,5.9,9.0,10.25,77.0,101.0,216.0,81.25
Jerome Jordan,C,,,,,,,2010.0,6.9,9.0,10.25,84.75,113.0,244.2,89.25
Sylven Landesberg,SG,11.59,,3.36,28.0,32.0,8,2010.0,11.6,8.75,10.75,78.25,100.5,210.0,81.0
Gani Lawal,PF,11.61,,3.24,27.0,31.5,20,2010.0,6.3,8.5,10.0,81.0,107.5,233.4,84.0
Greg Monroe,PF-C,12.10,,3.35,25.0,29.0,15,2010.0,11.2,8.75,9.5,83.0,108.5,246.6,86.25
Daniel Orton,C,12.32,,3.39,24.0,30.5,13,2010.0,13.8,8.5,9.75,81.5,110.5,269.2,88.25
Artsiom Parakhouski,C,12.07,,3.33,25.5,26.5,16,2010.0,6.0,9.0,10.5,83.75,109.5,268.2,85.0
Patrick Patterson,PF,11.14,,3.25,28.5,33.5,17,2010.0,5.3,9.25,10.25,81.25,107.0,239.6,85.25
Dexter Pittman,PF-C,,,,,,,2010.0,20.8,10.25,10.5,83.5,111.0,302.6,90.0
Andy Rautins,SG,11.27,,3.49,23.5,30.5,8,2010.0,6.2,8.0,9.75,77.0,100.0,191.6,79.0
Ryan Richards,PF,11.33,,3.37,25.0,28.5,4,2010.0,8.0,9.0,9.75,83.75,110.0,230.2,85.5
Stanley Robinson,SF,11.65,,3.23,,37.5,6,2010.0,8.3,9.0,9.0,79.75,107.5,213.2,84.0
Larry Sanders,PF-C,12.49,,3.27,25.5,28.0,7,2010.0,4.6,9.75,11.0,82.5,112.0,222.4,89.75
Jon Scheyer,PG-SG,,,,,,,2010.0,5.4,7.75,9.5,78.0,99.0,180.0,75.25
Lance Stephenson,SG,11.39,,3.38,27.0,33.0,10,2010.0,9.3,9.0,10.25,77.75,103.0,227.0,82.5
Mikhail Torrance,PG,11.43,,3.17,23.0,32.0,8,2010.0,7.0,8.75,9.5,77.0,103.0,208.8,79.5
Evan Turner,SG,11.06,,3.27,27.5,34.5,9,2010.0,8.6,8.75,9.5,79.0,103.5,213.8,80.0
Ekpe Udoh,PF,11.15,,3.29,31.0,33.5,10,2010.0,8.0,9.5,8.75,81.75,106.5,237.4,88.5
Jarvis Varnado,PF-C,11.61,,3.37,29.5,32.5,3,2010.0,9.5,9.25,9.5,82.0,109.5,210.2,87.5
Greivis Vasquez,PG-SG,,,,,,,2010.0,8.6,7.75,9.25,78.5,101.0,210.8,79.0
John Wall,PG,10.84,,3.14,30.0,39.0,,2010.0,5.6,8.25,9.5,76.0,101.5,195.6,81.25
Willie Warren,SG-PG,11.21,,3.50,23.0,31.5,10,2010.0,7.6,8.5,9.5,75.75,99.5,208.4,78.0
Terrico White,SG-PG,11.38,,3.15,31.0,40.0,10,2010.0,3.7,9.0,10.5,77.0,101.0,202.6,81.0
Hassan Whiteside,C-PF,11.83,,3.54,27.0,31.5,12,2010.0,5.5,8.25,10.25,83.5,113.0,226.6,91.0
Keith Benson,C-PF,11.88,,3.35,31.5,36.0,12,2011.0,6.1,9.5,11.0,83.0,109.5,217.0,87.75
Marshon Brooks,SG,10.74,,3.09,34.0,38.5,5,2011.0,5.2,9.0,10.5,77.25,101.0,194.6,85.0
Alec Burks,SG,10.96,,3.17,29.0,36.0,5,2011.0,5.1,9.0,8.25,78.0,103.5,192.6,82.0
Jimmy Butler,SF,11.12,,3.15,32.0,39.0,14,2011.0,5.4,9.0,9.0,79.75,101.5,222.2,79.5
Norris Cole,PG,10.07,,3.22,29.5,38.5,11,2011.0,4.7,8.5,9.5,73.75,95.5,174.4,74.25
Jon Diebler,SG,10.94,,3.37,28.0,35.0,2,2011.0,8.5,8.25,8.25,78.5,99.0,196.6,78.0
Michael Dunigan,PF-C,11.85,,3.27,29.5,34.5,10,2011.0,8.0,9.0,10.75,82.0,107.5,237.6,87.25
LaceDarius Dunn,SG,11.45,,3.27,26.5,31.0,3,2011.0,5.5,9.0,10.25,76.0,101.0,187.8,78.25
Kenneth Faried,PF,11.35,,3.26,30.5,35.0,16,2011.0,6.3,8.5,10.25,79.5,108.0,224.6,84.0
James Fredette,PG,10.42,,3.21,28.0,33.0,14,2011.0,7.7,8.0,8.5,74.5,96.5,196.0,76.5
Andrew Goudelock,PG,10.33,,3.10,32.5,37.0,4,2011.0,9.9,8.25,9.25,74.75,96.5,197.6,76.25
Jordan Hamilton,SF,11.47,,3.30,25.0,32.0,7,2011.0,9.8,9.0,9.25,80.5,104.0,228.4,81.5
Justin Harper,PF-SF,11.92,,3.30,28.5,33.0,19,2011.0,4.0,9.0,9.25,80.75,106.0,228.0,83.75
Tobias Harris,SF-PF,10.96,,3.17,31.5,37.5,12,2011.0,8.4,8.75,9.0,79.75,103.5,222.8,83.0
Tyler Honeycutt,SF,11.68,,3.07,30.0,37.0,,2011.0,5.3,8.5,9.5,80.25,105.0,186.8,81.0
Scotty Hopson,SG,10.47,,3.18,32.5,36.0,10,2011.0,4.8,8.5,10.0,78.5,103.5,204.6,82.5
Kyrie Irving,PG,,,,,,,2011.0,10.2,8.25,9.25,75.5,99.0,191.0,76.0
Rick Jackson,PF,11.51,,3.26,28.5,33.0,9,2011.0,8.3,8.75,9.5,81.25,106.5,241.8,86.0
Charles Jenkins,PG-SG,11.68,,3.18,29.5,34.0,16,2011.0,4.3,8.5,9.0,75.25,96.5,216.4,79.5
JaJuan Johnson,PF,11.21,,3.14,33.5,38.0,15,2011.0,7.5,9.0,10.0,82.0,107.5,219.8,86.0
Cory Joseph,PG,10.75,,3.27,27.5,35.0,5,2011.0,9.7,8.5,10.5,75.25,99.0,186.2,77.5
Enes Kanter,PF-C,11.30,,3.26,26.0,32.5,14,2011.0,5.9,9.5,10.75,83.25,109.5,259.2,85.5
Brandon Knight,PG,10.74,,3.07,29.0,37.5,10,2011.0,4.2,8.25,9.5,75.25,98.5,176.8,78.75
Malcolm Lee,SG,11.20,,3.09,30.0,35.5,17,2011.0,5.9,8.5,9.5,77.5,101.5,198.2,81.75
Kawhi Leonard,SF,11.45,,3.15,25.5,32.0,3,2011.0,5.4,9.75,11.25,79.0,106.0,227.4,87.0
Travis Leslie,SG,11.00,,3.13,33.0,40.5,10,2011.0,8.1,8.75,9.25,76.25,103.0,205.0,82.5
Jon Leuer,PF,10.82,,3.36,29.5,36.5,14,2011.0,5.4,8.75,9.75,83.5,105.5,223.2,84.0
DeAndre Liggins,SF-SG,,,3.33,27.0,31.0,6,2011.0,5.0,8.75,10.0,78.25,103.5,202.2,83.0
David Lighty,SG,10.81,,3.25,28.5,33.0,15,2011.0,6.5,9.0,10.0,78.5,101.0,216.2,80.0
Shelvin Mack,PG,11.23,,3.18,32.0,39.0,17,2011.0,7.1,8.25,9.25,74.5,96.5,209.0,79.5
Demetri McCamey,PG,11.55,,3.19,27.0,33.0,,2011.0,6.1,8.5,9.0,75.25,99.5,204.0,78.25
E'Twaun Moore,SG,11.12,,3.31,32.0,34.5,,2011.0,7.6,9.0,10.0,76.0,99.5,191.4,81.5
Markieff Morris,PF,,,3.40,27.0,31.5,11,2011.0,10.2,8.5,8.25,81.25,106.5,240.8,82.75
Marcus Morris,PF-SF,,,3.15,29.0,33.0,11,2011.0,8.0,8.25,8.5,80.75,105.5,229.6,82.0
Darius Morris,PG-SG,11.00,,3.20,24.5,32.0,12,2011.0,5.3,8.75,10.0,77.25,102.0,190.0,79.5
Chandler Parsons,SF,11.05,,3.29,25.5,31.5,4,2011.0,7.0,8.25,10.0,81.75,104.5,221.2,81.5
Jereme Richmond,SF,11.74,,3.02,27.0,33.5,0,2011.0,5.5,8.75,9.5,79.25,106.5,207.2,82.25
Josh Selby,SG-PG,11.13,,3.20,29.5,42.0,5,2011.0,7.9,8.5,9.0,75.0,98.0,194.6,77.25
Iman Shumpert,PG-SG,11.10,,3.18,36.5,42.0,18,2011.0,6.5,9.0,9.0,77.5,99.5,221.8,81.5
Kyle Singler,SF,11.22,,3.21,23.0,30.0,10,2011.0,10.0,8.25,8.75,80.5,106.0,228.0,82.1
Chris Singleton,SF,11.33,,3.09,30.5,37.5,15,2011.0,7.4,9.25,10.0,81.0,103.5,230.2,85.0
Jamie Skeen,PF,12.43,,3.46,26.0,30.5,10,2011.0,9.8,8.5,8.5,80.0,106.5,241.6,85.25
Gregory Smith,PF-C,12.43,,3.36,29.5,36.0,17,2011.0,7.4,9.75,12.0,81.25,106.5,252.8,86.5
Nolan Smith,PG,11.05,,3.17,28.5,34.0,9,2011.0,5.6,8.5,9.25,75.5,99.0,187.6,77.5
Malcolm Thomas,PF,11.31,,3.29,32.0,36.5,3,2011.0,5.9,9.5,10.5,80.75,107.5,223.0,84.5
Isaiah Thomas,PG,10.49,,3.14,31.5,40.0,13,2011.0,6.7,8.25,9.0,70.25,91.5,186.0,73.75
Trey Thompkins,PF,11.72,,3.41,27.5,30.5,15,2011.0,15.5,9.25,9.75,81.75,107.5,239.0,85.0
Tristan Thompson,PF,10.92,,3.26,30.0,35.0,9,2011.0,6.2,8.75,9.25,80.75,108.5,227.4,85.25
Klay Thompson,SG,10.99,,3.24,26.5,31.5,5,2011.0,8.0,8.75,9.25,79.25,103.5,205.6,81.0
Jeremy Tyler,PF-C,11.26,,3.29,28.0,33.5,10,2011.0,13.4,9.25,9.0,82.5,110.5,262.4,89.0
Nikola Vucevic,PF-C,12.02,,3.27,23.5,25.0,8,2011.0,6.1,9.25,10.25,83.75,112.5,259.8,88.5
Kemba Walker,PG,10.87,,3.16,32.0,39.5,7,2011.0,5.9,8.0,9.0,73.0,91.5,184.0,75.5
Derrick Williams,PF-SF,11.03,,3.23,29.0,34.5,19,2011.0,10.8,9.0,9.75,80.75,108.0,248.4,85.5
Jordan Williams,PF,12.74,,3.45,25.0,30.5,10,2011.0,12.1,9.25,10.0,81.0,106.5,247.2,84.25
Quincy Acy,PF,10.48,,3.28,32.0,37.0,13,2012.0,7.1,9.5,11.0,79.75,106.5,223.8,86.75
Harrison Barnes,SF-SG,10.93,,3.16,38.0,39.5,15,2012.0,9.6,9.0,8.5,80.0,101.5,227.8,83.25
Will Barton,SG-SF,12.50,,3.60,30.0,34.0,0,2012.0,4.1,9.0,9.5,78.0,102.5,174.4,81.75
Bradley Beal,SG,10.95,,3.28,33.0,39.0,8,2012.0,6.0,8.5,9.0,76.75,100.0,201.8,80.0
J'Covan Brown,PG,11.68,,3.47,26.0,29.5,3,2012.0,12.5,7.75,8.25,74.25,96.0,202.4,77.25
William Buford,SG-SF,11.40,,3.43,27.5,32.5,8,2012.0,11.3,8.75,10.0,77.0,102.0,214.6,81.5
Jae Crowder,SF,11.45,,3.37,31.0,34.5,20,2012.0,9.0,9.5,10.5,78.5,99.5,241.2,81.25
Jared Cunningham,SG-PG,,,,,,4,2012.0,3.6,8.25,9.0,77.0,98.0,187.6,78.5
Anthony Davis,PF-C,,,,,,,2012.0,7.9,9.0,8.5,82.5,108.0,221.8,89.5
Marcus Denmon,SG,10.82,,3.19,33.5,40.0,8,2012.0,6.6,8.25,9.75,75.25,94.5,188.2,77.0
Andre Drummond,C,10.83,,3.39,31.5,33.5,10,2012.0,7.5,9.5,9.5,83.75,109.5,278.6,90.25
Kim English,SG,10.59,,3.33,29.0,36.5,,2012.0,4.3,8.5,8.75,77.75,98.0,192.0,78.5
Festus Ezeli,C-PF,12.35,,3.29,34.0,33.5,18,2012.0,5.5,9.0,10.75,83.5,108.0,264.2,89.75
Drew Gordon,PF,11.35,,3.49,29.0,34.0,10,2012.0,9.1,8.5,9.75,80.75,103.5,239.0,83.5
JaMychal Green,PF,10.63,,3.38,29.5,32.5,19,2012.0,9.8,9.25,9.25,81.0,106.5,217.4,86.25
Draymond Green,PF-SF,11.01,,3.40,28.0,33.0,9,2012.0,11.3,9.0,9.5,79.5,105.0,235.6,85.25
Maurice Harkless,SF,10.87,,3.25,32.5,37.0,5,2012.0,5.3,9.25,10.25,80.75,102.5,206.6,84.0
John Henson,PF,,,,25.5,30.0,5,2012.0,8.6,9.25,10.0,82.5,112.0,216.0,89.0
Tu Holloway,PG,11.00,,3.42,28.0,35.0,12,2012.0,8.5,8.75,10.0,71.75,94.5,186.8,77.5
Robbie Hummel,SF,11.56,,3.41,27.5,30.0,13,2012.0,9.4,8.5,9.5,80.5,102.0,218.0,80.5
Bernard James,PF,11.84,,3.40,30.0,32.5,6,2012.0,5.0,9.0,9.25,82.0,108.5,229.8,87.0
John Jenkins,SG,11.36,,3.37,30.5,36.5,10,2012.0,7.1,9.0,9.0,76.25,98.0,212.0,80.5
Orlando Johnson,SG,10.98,,3.25,32.0,39.5,13,2012.0,7.0,9.0,9.5,77.25,99.0,223.8,83.25
Darius Johnson-Odom,SG,10.76,,3.21,33.5,41.5,17,2012.0,7.0,8.75,8.75,75.0,96.0,212.0,79.0
Terrence Jones,PF-SF,11.57,,3.40,29.5,34.5,12,2012.0,7.7,9.0,10.0,81.5,107.0,252.0,86.25
Perry Jones,PF-SF,11.31,,3.19,33.0,38.5,11,2012.0,4.6,9.25,9.5,83.25,107.0,233.8,85.75
Kevin Jones,PF,11.94,,3.60,27.5,32.5,17,2012.0,11.2,9.0,7.75,79.5,105.0,251.2,85.5
Kris Joseph,SG,,,3.46,28.5,35.0,6,2012.0,8.6,9.0,9.0,79.0,104.0,215.0,83.0
Michael Kidd-Gilchrist,SF,11.77,,3.18,32.0,35.5,6,2012.0,7.0,9.0,10.25,79.5,104.5,232.8,84.0
Jeremy Lamb,SG,10.98,,3.25,31.5,38.0,5,2012.0,4.5,8.75,9.25,77.25,102.0,179.2,83.0
Doron Lamb,SG-PG,11.12,,3.41,29.0,33.5,2,2012.0,6.7,8.5,8.75,76.75,98.5,199.4,78.75
Meyers Leonard,C,11.34,,3.41,30.0,32.5,19,2012.0,5.7,9.25,11.0,85.25,108.0,249.8,87.0
Damian Lillard,PG,11.15,,3.34,34.5,39.5,13,2012.0,5.9,8.75,9.75,74.75,95.5,188.8,79.75
Scott Machado,PG,11.26,,3.30,27.0,32.5,17,2012.0,5.8,8.5,9.5,74.0,94.5,205.8,76.0
Kendall Marshall,PG,12.03,,3.23,31.0,37.0,,2012.0,7.8,8.5,9.0,76.25,96.0,198.4,77.5
Fab Melo,C,12.14,,3.44,29.5,31.0,9,2012.0,9.2,9.0,10.0,84.0,110.0,255.0,86.5
Khris Middleton,SF,11.45,,3.47,28.0,31.0,4,2012.0,7.8,9.0,9.0,80.25,103.0,216.2,82.75
Darius Miller,SF-SG,11.34,,3.31,33.0,37.0,14,2012.0,7.5,8.5,8.75,79.5,101.0,233.4,81.0
Quincy Miller,SF,11.05,,3.48,30.5,36.0,8,2012.0,7.8,9.25,10.25,82.0,105.0,218.7,85.25
Tony Mitchell,SG,11.72,,3.47,31.5,40.0,14,2012.0,5.7,8.5,10.0,78.25,100.0,216.4,82.0
Arnett Moultrie,PF,11.32,,3.22,33.5,37.5,10,2012.0,7.7,9.25,9.25,82.75,106.5,232.8,86.25
Kevin Murphy,SG,10.97,,3.42,31.0,36.5,11,2012.0,5.8,8.5,8.5,78.25,99.0,194.0,78.75
Andrew Nicholson,PF,11.89,,3.67,28.5,30.5,10,2012.0,7.6,10.0,10.75,81.5,107.0,234.0,88.0
Kyle O'Quinn,PF,11.65,,3.53,31.5,31.5,,2012.0,8.0,9.5,10.0,82.0,106.5,240.8,88.75
Miles Plumlee,PF-C,10.64,,3.36,34.0,40.5,15,2012.0,11.4,9.25,9.0,83.75,105.5,252.4,84.75
Austin Rivers,SG-PG,11.54,,3.32,32.5,37.5,1,2012.0,6.2,8.5,10.0,77.0,96.5,202.8,79.25
Thomas Robinson,PF,11.96,,3.17,28.5,35.5,15,2012.0,5.0,9.75,10.5,80.75,106.0,244.2,87.25
Terrence Ross,SG-SF,11.78,,3.28,31.0,37.5,2,2012.0,3.2,8.75,10.25,79.0,100.5,196.6,79.25
Tomas Satoransky,PG-SG,,,,,,,2012.0,5.2,8.5,9.5,79.5,100.0,200.6,79.25
Mike Scott,PF,11.59,,3.44,27.0,32.5,14,2012.0,10.6,8.5,9.0,80.75,104.0,240.8,82.75
Henry Sims,C-PF,12.33,,3.44,26.5,29.5,7,2012.0,7.7,9.25,10.0,83.75,108.0,241.2,88.0
Jared Sullinger,PF,12.77,,3.81,29.5,31.0,9,2012.0,10.7,9.25,9.75,81.0,105.5,268.2,85.25
Jeff Taylor,SF-SG,10.87,,3.29,33.5,40.0,15,2012.0,4.2,8.25,9.75,79.25,101.5,212.8,78.25
Tyshawn Taylor,PG,11.48,,3.20,32.0,36.5,0,2012.0,4.2,8.75,8.75,76.0,97.5,177.0,78.25
Jordan Taylor,PG,10.57,,3.19,33.0,36.5,14,2012.0,5.5,8.25,9.5,74.0,92.5,192.8,75.0
Marquis Teague,PG,10.65,,3.19,32.5,40.5,8,2012.0,6.3,8.25,7.75,74.0,96.5,179.8,79.25
Hollis Thompson,SF,11.72,,3.38,28.5,36.5,6,2012.0,6.0,8.25,9.75,80.0,102.5,206.0,81.5
Dion Waiters,SG,,,,,,,2012.0,8.5,8.5,9.5,76.0,98.0,221.0,79.25
Royce White,PF,,,,,,,2012.0,10.6,9.5,11.5,80.0,104.5,260.6,84.0
Tony Wroten,PG,10.75,,3.24,30.0,35.5,0,2012.0,5.2,8.0,9.0,78.0,101.0,203.2,81.0
Tyler Zeller,PF-C,11.13,,3.40,30.0,34.0,16,2012.0,6.4,9.0,9.75,84.5,104.5,247.4,84.0
Steven Adams,C,11.85,3.02,3.40,28.5,33.0,16,2013.0,6.65,9.5,11.0,84.0,109.5,254.5,88.5
Vander Blue,SG,10.40,2.70,3.14,28.0,37.5,4,2013.0,4.6,8.5,9.5,77.25,100.5,197.4,78.0
Lorenzo Brown,PG,11.78,3.24,3.40,28.0,34.0,8,2013.0,3.95,8.25,8.5,77.25,100.0,189.2,79.0
Reggie Bullock,SG-SF,11.33,3.30,3.31,31.0,36.5,11,2013.0,6.95,8.5,9.0,79.0,102.0,199.8,80.75
Trey Burke,PG,11.20,3.01,3.16,29.5,36.5,3,2013.0,6.9,8.25,8.75,73.25,97.5,187.0,77.5
Kentavious Caldwell-Pope,SG,10.60,3.20,3.12,29.0,34.5,7,2013.0,6.45,8.5,9.0,77.5,100.5,203.6,80.0
Isaiah Canaan,PG,10.98,2.89,3.22,33.0,40.5,16,2013.0,5.9,8.25,9.5,72.0,94.5,188.4,76.5
Jackie Carmichael,PF,11.83,3.07,3.35,30.0,32.0,13,2013.0,5.8,9.0,10.25,81.0,107.0,241.2,85.5
Michael Carter-Williams,PG,10.68,3.70,3.22,31.5,41.0,8,2013.0,4.4,7.5,8.5,77.75,101.0,184.4,79.25
Will Clyburn,SF-SG,11.68,3.12,3.38,28.0,34.5,3,2013.0,6.85,9.25,10.25,79.0,105.0,210.4,84.25
Robert Covington,SF-PF,11.69,3.10,3.34,29.5,36.0,9,2013.0,4.7,9.0,8.5,79.5,106.0,208.6,85.75
Allen Crabbe,SG,10.67,3.10,3.32,30.5,36.0,10,2013.0,4.65,8.25,8.5,78.25,103.5,197.4,83.25
Seth Curry,SG,,,,,,,2013.0,9.6,8.0,8.25,75.0,97.5,179.2,76.0
Brandon Davies,PF,11.22,3.14,3.50,26.0,31.5,7,2013.0,8.6,9.0,11.0,82.25,108.5,241.8,85.5
Dewayne Dedmon,C,12.75,3.26,3.40,28.0,32.5,8,2013.0,8.35,9.0,11.0,83.5,109.0,238.8,88.0
Gorgui Dieng,C,,,,,,,2013.0,5.35,9.0,10.0,82.75,111.5,229.6,87.5
James Ennis,SF,11.55,3.06,3.40,29.5,36.5,7,2013.0,4.5,8.5,8.75,79.0,104.5,200.8,83.5
Carrick Felix,SF-SG,11.16,3.09,3.25,32.0,38.5,15,2013.0,3.3,8.5,9.5,78.25,103.5,202.6,81.25
Jamaal Franklin,SG-SF,,,,,,,2013.0,8.25,8.5,8.25,77.25,103.5,190.8,83.25
Rudy Gobert,C,12.85,3.19,3.57,25.0,29.0,7,2013.0,4.4,9.75,10.0,86.0,115.0,237.6,92.5
Archie Goodwin,SG,10.75,3.41,3.27,30.0,36.0,1,2013.0,4.55,8.5,9.0,77.25,102.0,189.0,81.5
Erick Green,PG,,,,,,5,2013.0,4.35,8.5,9.0,75.0,98.0,178.2,77.75
Tim Hardaway Jr.,SG,10.68,2.93,3.25,31.5,37.5,16,2013.0,6.05,8.0,9.25,78.25,101.0,199.4,79.0
Solomon Hill,SF,10.77,2.91,3.19,29.5,37.5,14,2013.0,7.6,9.0,10.5,79.0,103.0,226.0,81.0
Richard Howell,PF,,,,,,,2013.0,8.75,8.75,9.5,79.5,105.5,249.6,82.25
Colton Iverson,C,11.52,3.04,3.52,26.5,30.0,12,2013.0,9.6,9.25,9.5,84.0,110.0,262.8,86.0
Pierre Jackson,PG,,,,,,,2013.0,4.5,7.5,8.25,70.5,90.0,176.0,70.0
Grant Jerrett,PF,11.85,3.23,3.51,28.5,34.0,2,2013.0,10.05,8.5,9.25,82.25,109.0,232.0,86.0
Myck Kabongo,PG,10.64,2.86,3.44,27.5,33.5,2,2013.0,6.0,8.25,9.0,74.75,98.0,180.4,78.25
Kenny Kadji,PF-C,11.47,2.88,3.44,34.0,38.0,9,2013.0,7.45,9.0,10.25,82.0,106.5,241.6,87.0
Ryan Kelly,PF,,,,,,,2013.0,14.75,9.0,10.0,83.75,110.0,228.0,83.5
Shane Larkin,PG,10.64,3.03,3.08,34.5,44.0,12,2013.0,3.8,7.5,8.75,71.5,89.5,170.8,70.75
Ricky Ledo,SG,10.72,3.16,3.32,27.0,33.5,4,2013.0,10.25,8.5,9.25,78.0,102.5,197.2,79.25
Alex Len,C,,,,,,,2013.0,6.4,9.0,10.75,,,,87.5
CJ Leslie,PF-SF,10.19,2.79,3.10,32.5,40.5,,2013.0,7.95,8.75,9.0,80.75,104.5,209.2,86.25
Trevor Mbakwe,PF,12.01,2.97,3.32,30.0,36.5,21,2013.0,5.9,9.5,11.5,80.0,106.5,235.8,88.0
Ray McCallum,PG,10.82,3.08,3.25,30.5,40.0,5,2013.0,7.3,8.0,8.75,73.75,96.5,191.4,75.25
CJ McCollum,PG-SG,11.02,2.91,3.32,32.0,38.5,13,2013.0,8.6,8.0,9.5,75.25,96.5,197.0,78.25
Ben McLemore,SG,11.87,3.11,3.27,32.5,42.0,6,2013.0,5.0,8.75,9.5,76.75,100.5,189.2,79.75
Tony Mitchell,PF-SF,11.82,3.25,3.52,33.5,38.0,13,2013.0,5.55,9.0,10.0,80.75,106.5,236.4,86.5
Shabazz Muhammad,SF-SG,10.99,2.93,3.32,29.5,37.0,10,2013.0,9.0,9.0,10.0,78.25,104.5,221.8,83.0
Erik Murphy,PF,12.19,2.96,3.57,24.5,29.5,13,2013.0,7.95,8.75,9.75,81.5,108.0,239.8,82.5
Mike Muscala,C-PF,11.76,2.99,3.44,28.0,33.5,5,2013.0,6.8,8.5,9.0,83.5,108.0,230.2,85.0
Nerlens Noel,C,,,,,,,2013.0,4.15,9.5,10.0,83.75,110.0,206.4,87.75
Victor Oladipo,SG,10.69,3.14,3.25,33.0,42.0,15,2013.0,6.55,8.75,9.25,76.25,100.5,213.2,81.25
Kelly Olynyk,PF-C,11.42,2.99,3.59,24.5,29.5,5,2013.0,6.65,8.5,10.0,84.0,108.0,234.0,81.75
Brandon Paul,SG,11.16,2.90,3.37,33.5,39.5,15,2013.0,5.25,8.5,9.5,76.0,98.0,201.0,82.25
Norvel Pelle,PF-C,11.49,3.20,3.32,31.0,34.5,0,2013.0,5.15,8.75,9.5,82.5,109.0,207.2,86.5
Mason Plumlee,C-PF,10.89,2.76,3.29,30.5,36.0,14,2013.0,6.15,9.75,9.5,84.5,108.0,238.2,83.0
Otto Porter,SF,11.25,3.06,3.40,27.0,36.0,9,2013.0,6.65,8.75,9.25,80.5,105.5,197.6,85.5
Phil Pressey,PG,10.86,3.02,3.13,33.0,38.5,7,2013.0,4.7,7.75,9.75,71.5,92.0,177.0,74.25
Glen Rice,SF-SG,10.99,3.08,3.25,33.0,40.5,10,2013.0,8.45,8.5,9.0,77.75,101.5,210.8,81.25
Andre Roberson,PF-SF,11.36,3.02,3.34,30.0,36.5,10,2013.0,7.05,8.75,9.5,79.0,104.5,205.8,83.0
Dennis Schroder,PG,11.09,2.86,3.21,30.0,34.0,1,2013.0,4.1,8.75,10.5,74.0,98.0,164.8,79.75
Peyton Siva,PG,10.59,2.93,3.16,33.5,41.5,15,2013.0,6.05,8.0,9.75,73.0,93.0,180.6,75.0
Tony Snell,SF-SG,11.36,2.84,3.25,30.0,36.5,7,2013.0,4.85,9.0,9.5,79.25,105.5,198.2,83.5
James Southerland,SF-PF,10.90,3.03,3.38,29.0,32.0,5,2013.0,8.05,8.0,9.5,80.0,106.0,220.6,85.0
Deshaun Thomas,SF,12.94,3.38,3.53,28.5,32.0,5,2013.0,9.1,8.0,8.75,79.0,104.0,219.8,82.0
Adonis Thomas,SF,11.64,3.11,3.32,34.5,40.5,13,2013.0,7.5,9.25,9.5,77.75,99.0,231.8,85.0
Jeff Withey,C,12.49,3.29,3.47,26.5,29.0,10,2013.0,8.65,9.0,9.75,84.5,110.5,221.8,86.0
Nate Wolters,PG,,,,,,8,2013.0,5.5,8.25,8.75,76.75,98.0,196.4,75.75
BJ Young,SG-PG,,,,,,,2013.0,4.7,8.5,9.5,75.5,99.0,178.8,80.25
Cody Zeller,C-PF,10.82,2.69,3.15,35.5,37.5,17,2013.0,4.75,8.5,10.5,84.25,106.0,230.0,82.75
Jordan Adams,SG,12.13,3.05,3.50,24.5,29.5,,2014.0,10.8,8.5,7.5,76.75,102.0,208.8,82.0
Kyle Anderson,SF,,,,,,,2014.0,13.35,8.25,8.75,80.5,107.5,230.1,86.75
Thanasis Antetokounmpo,SF,11.39,3.05,3.18,31.5,39.5,,2014.0,6.05,9.0,9.75,78.25,104.5,205.2,84.0
Jordan Bachynski,PF,12.15,3.03,3.36,29.0,33.0,,2014.0,7.45,9.25,10.0,86.0,108.5,254.1,88.0
Cameron Bairstow,PF,11.39,3.09,3.37,31.0,33.5,,2014.0,8.7,8.75,9.0,81.75,107.0,252.4,84.75
Khem Birch,PF,11.60,3.24,3.26,30.5,35.5,,2014.0,6.0,9.0,8.5,81.25,107.0,208.8,85.0
Jabari Brown,SG,11.60,3.26,3.50,28.0,32.0,,2014.0,6.05,9.0,9.25,76.25,100.0,201.9,80.25
Markel Brown,SG,12.62,2.90,3.18,36.5,43.5,,2014.0,4.2,8.25,9.75,75.5,100.0,184.4,80.75
Alec Brown,PF,12.05,2.91,3.48,27.0,30.0,,2014.0,7.7,9.25,8.75,85.25,109.0,231.2,85.5
Deonte Burton,PG,11.28,3.08,3.28,29.0,39.5,,2014.0,7.65,8.25,8.0,73.25,97.5,192.8,79.0
Semaj Christon,PG,11.55,3.21,3.32,30.5,36.5,,2014.0,5.25,8.5,8.25,75.25,99.0,186.0,78.5
Jordan Clarkson,PG,10.76,2.98,3.28,33.0,38.5,,2014.0,4.3,8.25,9.0,77.0,98.0,186.3,80.0
Aaron Craft,PG,10.78,2.90,3.26,29.0,32.0,,2014.0,6.1,7.75,8.5,73.75,94.5,191.6,74.0
DeAndre Daniels,SF,11.46,3.04,3.44,26.5,32.0,,2014.0,3.85,9.25,10.5,80.5,106.5,196.0,86.0
Spencer Dinwiddie,PG,,,,,,,2014.0,5.35,8.25,9.0,78.0,103.0,204.9,80.25
Cleanthony Early,SF,11.15,2.96,3.18,34.0,40.0,,2014.0,4.45,8.5,9.0,79.25,101.5,209.4,82.75
Melvin Ejim,SF,11.55,3.12,3.14,29.5,35.0,,2014.0,6.45,8.75,9.25,79.0,103.5,218.5,83.25
Tyler Ennis,PG,11.12,2.84,3.30,29.0,36.0,,2014.0,6.2,8.25,8.75,74.5,98.0,181.5,79.25
Dante Exum,SG,10.75,2.88,3.19,31.5,34.5,,2014.0,6.4,8.5,9.5,78.0,103.0,196.3,81.5
C.J. Fair,SF,11.00,3.06,3.32,27.0,35.0,,2014.0,5.05,9.0,9.0,80.0,104.0,218.1,81.5
Aaron Gordon,PF,10.81,2.76,3.27,32.5,39.0,,2014.0,5.05,8.75,10.5,80.75,105.0,220.1,83.75
Jerami Grant,SF,,,,,,,2014.0,3.75,9.25,9.25,79.75,107.0,214.0,86.75
P.J. Hairston,SG,11.12,,3.32,32.0,37.0,,2014.0,8.2,8.75,9.75,77.25,101.0,228.8,81.0
Gary Harris,SG,,,,,,,2014.0,4.55,8.5,9.5,76.5,96.0,204.8,78.75
Joe Harris,SG,11.11,2.92,3.31,28.5,33.5,,2014.0,6.2,8.5,9.75,78.25,100.0,215.0,78.0
Rodney Hood,SF,11.21,3.14,3.38,29.0,36.0,,2014.0,7.45,8.5,8.5,80.5,103.0,208.2,80.5
Cory Jefferson,PF,12.63,3.39,3.36,33.0,37.5,,2014.0,5.25,8.75,9.75,81.0,105.0,218.4,84.5
Nick Johnson,SG,10.80,2.95,3.27,33.5,41.5,,2014.0,6.05,8.75,9.75,75.0,96.5,198.0,79.25
Sean Kilpatrick,SG,,,,,,,2014.0,9.2,9.0,9.0,76.25,99.0,218.7,79.0
Alex Kirk,PF,11.20,3.19,3.48,28.5,31.5,,2014.0,13.6,9.25,10.5,82.75,109.5,252.0,87.5
Zach LaVine,PG,10.42,2.80,3.19,33.5,41.5,,2014.0,4.7,8.25,8.75,77.75,100.0,180.9,80.25
Devyn Marble,SG,11.32,3.08,3.28,29.0,35.0,,2014.0,6.9,8.25,8.5,78.5,102.0,192.4,81.0
James McAdoo,PF,11.61,2.91,3.28,29.5,34.0,,2014.0,6.15,9.25,9.0,80.75,106.5,227.6,86.25
K.J. McDaniels,SF,12.71,3.20,3.10,33.0,37.0,,2014.0,4.45,8.75,9.75,78.0,102.0,195.6,83.25
Doug McDermott,SF,11.10,3.15,3.29,28.5,36.5,,2014.0,7.1,8.75,9.75,79.75,103.0,218.0,81.25
Jordan McRae,SG,11.07,3.15,3.39,27.5,34.5,,2014.0,5.2,8.75,8.5,77.25,104.0,179.4,84.5
Shabazz Napier,PG,11.60,3.13,3.20,30.5,37.5,,2014.0,7.35,8.25,8.5,73.0,93.0,175.2,75.25
Johnny O?Bryant III,PF,11.57,3.32,3.45,31.0,35.5,,2014.0,10.75,9.25,9.5,80.5,105.0,256.8,86.25
Lamar Patterson,SG,11.63,3.13,3.45,27.5,32.5,,2014.0,10.75,9.0,9.25,77.25,101.0,226.0,83.0
Adreian Payne,PF,,,,,,,2014.0,7.55,9.25,9.5,81.75,109.0,238.5,88.0
Elfrid Payton,PG,11.06,2.92,3.23,31.5,35.5,,2014.0,5.65,8.75,9.0,75.75,98.5,185.4,80.0
Dwight Powell,PF,11.28,2.88,3.20,28.5,35.0,,2014.0,6.2,9.0,9.25,83.0,105.0,234.4,84.5
Julius Randle,PF,11.45,3.14,3.27,29.0,35.5,,2014.0,9.4,8.75,8.25,81.0,105.5,249.7,84.0
Glenn Robinson III,SF,11.22,3.04,3.15,36.5,41.5,,2014.0,5.05,9.0,9.5,78.75,100.5,211.4,82.0
LaQuinton Ross,SF,11.97,3.52,3.44,25.0,31.0,,2014.0,16.3,8.75,9.75,79.5,106.0,238.7,85.75
Marcus Smart,PG,10.82,2.96,3.26,33.0,36.0,,2014.0,10.55,9.0,8.75,75.25,99.0,227.2,81.25
Russ Smith,PG,11.57,3.01,3.27,29.5,34.0,,2014.0,3.5,8.25,8.5,72.75,95.0,160.0,75.5
Nik Stauskas,SG,10.79,2.92,3.27,29.0,35.5,,2014.0,12.05,8.5,8.5,78.5,102.0,206.9,79.75
Jarnell Stokes,PF,11.92,3.20,3.26,31.0,36.0,,2014.0,8.2,9.75,10.5,80.5,103.5,262.8,85.25
Xavier Thames,PG,11.48,3.02,3.48,29.0,32.5,,2014.0,6.4,8.25,9.0,75.5,96.0,187.0,76.0
Noah Vonleh,PF,11.45,3.29,3.28,31.0,37.0,,2014.0,7.3,9.75,11.75,81.5,108.0,247.1,88.25
T.J. Warren,SF,11.10,3.04,3.26,27.0,35.5,,2014.0,7.95,8.75,9.0,80.25,104.0,220.2,82.25
C.J. Wilcox,SG,11.30,2.92,3.22,31.0,37.5,,2014.0,6.5,8.75,9.0,77.0,100.5,201.0,81.75
Kendall Williams,PG,10.83,2.85,,27.0,33.0,,2014.0,7.2,8.0,7.75,75.75,99.0,183.0,77.5
James Young,SG,,,,28.0,35.5,,2014.0,5.1,9.0,9.5,78.75,104.0,213.3,84.0
Patric Young,PF,11.18,3.06,3.43,32.0,37.5,,2014.0,5.45,9.25,9.5,82.0,103.5,246.8,85.75
Cliff Alexander,PF-C,,,,,,,2015.0,5.8,9.5,10.25,80.5,109.5,239.2,87.5
Justin Anderson,SF-SG,11.13,2.88,3.22,38.0,43.0,12,2015.0,5.0,8.5,9.5,78.25,101.0,230.6,83.75
Brandon Ashley,PF,11.21,3.35,3.58,31.5,35.5,9,2015.0,8.8,9.0,9.5,80.5,105.0,228.0,87.75
Ryan Boatright,PG,10.71,3.05,3.26,32.0,41.0,10,2015.0,6.6,7.5,8.75,71.0,92.5,169.6,72.5
Devin Booker,SG,10.27,2.75,3.28,27.5,34.5,8,2015.0,8.3,8.75,9.0,77.75,102.5,205.8,80.25
Anthony Brown,SF-SG,10.94,3.29,3.18,27.5,34.5,4,2015.0,6.1,8.5,9.0,79.25,104.5,211.0,83.0
Willie Cauley-Stein,C,,,,,,,2015.0,6.3,9.5,9.0,84.5,111.0,242.4,87.0
Rakeem Christmas,PF-C,11.60,3.30,3.47,29.0,32.0,9,2015.0,9.6,9.25,9.0,81.75,110.5,242.6,89.25
Pat Connaughton,SG,10.58,3.08,3.20,37.5,44.0,13,2015.0,10.2,8.5,9.25,77.25,96.0,215.0,80.0
Quinn Cook,PG,11.44,3.41,3.38,24.5,31.0,14,2015.0,6.7,7.5,8.75,74.0,96.5,179.0,76.0
Branden Dawson,PF,12.22,3.53,3.20,28.5,34.5,12,2015.0,5.8,9.0,8.75,78.75,105.0,230.2,83.0
Sam Dekker,SF,10.64,2.96,3.28,25.5,34.5,5,2015.0,7.5,8.5,9.25,81.0,106.0,218.6,83.5
Michael Frazier II,SG,10.66,3.02,3.32,27.0,35.0,10,2015.0,7.4,8.25,9.25,76.25,101.5,199.4,80.0
Treveon Graham,SF,11.64,3.15,3.30,28.5,31.5,11,2015.0,5.5,8.5,8.25,77.75,103.0,219.4,82.5
Jerian Grant,PG,,,,,,,2015.0,5.6,8.25,8.5,76.25,100.0,198.0,79.5
Olivier Hanlan,PG-SG,11.41,3.12,3.25,28.0,34.0,19,2015.0,4.3,8.0,8.75,76.25,100.0,185.8,78.0
Montrezl Harrell,PF,,,,,,,2015.0,11.9,9.0,9.75,79.5,109.0,253.4,88.25
Aaron Harrison,SG,,,3.27,28.5,34.5,1,2015.0,6.0,8.75,10.0,78.0,100.5,209.2,80.25
Andrew Harrison,PG,11.20,,3.34,26.5,33.0,,2015.0,5.9,8.25,9.25,77.5,100.0,213.2,81.0
Tyler Harvey,SG,10.56,2.93,3.44,26.0,28.5,1,2015.0,9.2,7.75,8.75,76.0,98.5,181.4,77.5
Corey Hawkins,SG-PG,10.81,,3.51,28.5,34.0,9,2015.0,5.5,8.75,9.0,73.75,99.5,191.8,80.0
Rondae Hollis-Jefferson,SF,10.41,3.19,3.12,32.0,38.0,13,2015.0,5.0,8.75,9.75,79.0,104.0,210.8,86.0
Jonathan Holmes,PF-SF,10.95,3.12,3.51,25.5,31.0,,2015.0,7.2,8.25,9.5,81.25,107.5,242.2,83.5
Richaun Holmes,PF,11.24,3.31,3.32,32.5,36.0,15,2015.0,8.8,8.5,8.5,81.5,108.0,242.8,85.5
R.J. Hunter,SG,10.87,2.91,3.26,27.5,33.5,1,2015.0,6.0,8.5,8.25,78.0,104.0,185.0,82.5
Vince Hunter,PF,11.19,3.06,3.26,33.5,37.5,13,2015.0,4.6,9.0,8.75,79.5,104.5,208.4,83.0
Dakari Johnson,C,11.76,2.94,3.62,22.5,25.0,4,2015.0,14.9,9.25,10.5,83.75,112.0,264.6,86.0
Stanley Johnson,SF,,,,,,,2015.0,7.5,9.0,9.0,78.5,102.0,241.8,83.5
Tyus Jones,PG,11.84,2.95,3.32,26.5,32.5,2,2015.0,6.5,8.25,8.75,74.0,97.0,184.6,77.0
Frank Kaminsky,C-PF,,,,,,,2015.0,9.4,8.5,9.5,84.75,109.5,231.2,83.0
Kevon Looney,PF,,,,,,,2015.0,11.9,9.5,9.25,81.25,110.0,222.4,87.5
Trey Lyles,PF,,,,,,,2015.0,12.1,9.25,10.25,82.25,108.0,241.2,85.5
Jarell Martin,PF,11.20,2.97,3.27,28.5,35.0,19,2015.0,10.1,8.25,9.5,81.25,106.5,238.6,81.0
TJ McConnell,PG,10.95,3.09,3.30,26.0,31.5,7,2015.0,7.3,7.5,7.0,74.0,96.5,187.8,74.0
Chris McCullough,PF,,,,,,,2015.0,6.2,8.75,8.75,81.0,109.0,199.0,87.25
Jordan Mickey,PF,11.72,3.13,3.28,33.0,37.5,9,2015.0,7.2,8.75,9.5,80.25,106.0,238.0,87.25
Larry Nance,PF,10.93,3.01,3.25,29.0,37.5,10,2015.0,6.4,9.0,9.75,80.5,108.0,226.6,85.5
Kelly Oubre,SF-SG,11.09,3.12,3.32,34.5,37.0,7,2015.0,5.7,9.0,8.75,78.75,102.5,202.8,86.25
Cameron Payne,PG,10.90,2.93,3.28,29.8,35.5,0,2015.0,6.3,8.5,8.25,73.5,97.5,182.8,79.25
Terran Petteway,SG,10.91,3.10,3.32,25.0,31.0,15,2015.0,4.9,8.25,8.25,78.0,104.5,209.2,83.25
Bobby Portis,PF,11.78,3.28,3.56,25.0,31.5,5,2015.0,8.9,9.5,9.25,82.5,108.5,246.2,86.0
Norman Powell,SG,10.69,3.20,3.20,32.5,40.5,5,2015.0,6.4,9.25,9.0,76.25,102.5,215.4,82.75
Michael Qualls,SG-SF,11.88,,3.18,34.0,39.5,9,2015.0,4.0,9.0,10.25,77.0,104.5,201.4,84.25
Chasson Randle,PG,10.63,2.81,3.20,33.5,39.5,6,2015.0,4.5,8.5,9.5,73.5,96.5,178.8,79.0
Terry Rozier,PG-SG,10.84,2.84,3.15,33.0,38.0,7,2015.0,5.6,8.25,8.5,74.25,98.5,190.2,80.25
D?Angelo Russell,PG-SG,,,,,,,2015.0,8.3,8.75,9.75,77.0,102.0,193.4,81.75
Keifer Sykes,PG,10.47,3.15,3.13,34.0,43.0,8,2015.0,5.0,8.5,9.5,71.75,93.0,167.2,74.0
Marcus Thornton,PG-SG,10.78,2.88,3.02,34.5,43.0,3,2015.0,5.3,8.25,8.5,74.75,97.5,177.4,79.75
J.P. Tokoto,SF-SG,10.97,3.20,3.27,34.5,40.0,12,2015.0,4.1,8.0,8.75,78.25,100.5,195.8,82.0
Myles Turner,C-PF,,,,,,,2015.0,9.3,9.25,9.25,83.5,112.0,238.6,88.0
Robert Upshaw,C,,,,,,,2015.0,12.5,10.0,11.0,84.0,113.0,258.2,89.5
Rashad Vaughn,SG,11.40,3.10,3.21,28.0,34.0,5,2015.0,6.2,8.0,8.5,77.0,101.0,198.6,79.0
Chris Walker,PF,11.25,3.41,3.35,30.5,37.0,6,2015.0,5.1,9.0,9.0,81.25,108.0,208.0,86.75
Dez Wells,SG,10.56,3.05,3.20,31.5,39.0,15,2015.0,8.1,8.75,9.75,76.0,100.5,208.8,81.5
Alan Williams,PF,12.26,3.54,3.50,25.5,28.5,8,2015.0,12.0,8.5,9.5,80.25,106.5,261.4,85.75
Justise Winslow,SF,,,,,,,2015.0,5.3,8.5,9.25,78.5,104.5,221.8,82.25
Christian Wood,PF,,,,,,,2015.0,14.7,9.25,10.75,82.5,111.5,216.0,87.25
Delon Wright,PG,11.16,3.50,3.29,29.5,31.0,4,2015.0,6.6,8.0,8.5,77.5,101.5,181.4,79.5
Ron Baker,SG,10.77,2.96,3.45,30.0,35.5,,2016.0,7.85,8.75,9.50,76.25,97.5,212.4,81.75
Wade Baldwin IV,PG,10.45,3.01,3.19,32.5,38.0,,2016.0,5.2,9.00,9.75,76.0,100.0,201.8,83.25
Cat Barber,PG,,,,,,,2016.0,4.5,8.00,8.50,74.75,95.5,173.0,77.5
Malik Beasley,SG,,0.00,,,,,2016.0,6.9,8.50,9.00,76.5,100.5,189.8,79.0
DeAndre Bembry,SG-SF,10.90,2.87,3.17,32.0,38.0,,2016.0,7.0,8.00,9.25,77.75,101.0,206.6,81.25
Ben Bentil,PF,11.16,3.10,3.30,29.0,33.0,,2016.0,9.7,9.50,10.00,80.25,105.0,229.2,85.5
Jaron Blossomgame,SF,11.53,3.26,3.20,35.0,41.0,,2016.0,5.25,8.50,10.00,79.25,102.0,213.6,82.0
Joel Bolomboy,PF,10.26,2.86,3.17,37.5,40.5,,2016.0,5.15,9.00,10.25,81.0,103.5,224.4,85.75
Malcolm Brogdon,SG,10.77,2.64,3.31,30.5,35.5,,2016.0,5.4,9.00,10.25,77.5,98.0,223.0,82.5
Jaylen Brown,SG-SF,,,,,,,2016.0,5.05,8.75,9.00,78.75,102.5,222.8,83.75
Marquese Chriss,PF,11.93,3.05,3.26,32.5,38.5,,2016.0,8.5,9.00,9.00,82.0,105.0,233.0,84.25
Elgin Cook,SF,,,,,,,2016.0,6.35,8.50,10.25,78.25,100.5,209.8,82.0
Isaiah Cousins,PG,10.79,2.97,3.24,30.5,37.0,,2016.0,4.8,8.25,8.75,76.5,98.5,194.0,78.25
Deyonta Davis,PF,,,,,,,2016.0,9.7,9.00,9.25,82.5,108.5,237.2,86.5
Cheick Diallo,PF,11.24,3.30,3.26,31.0,35.0,,2016.0,5.6,8.50,9.75,81.0,107.5,218.6,88.5
Kris Dunn,PG,,,,,,,2016.0,,,,76.25,100.0,0.0,81.5
Henry Ellenson,PF,,,,,,,2016.0,11.2,8.50,9.75,83.5,108.0,242.0,86.25
Perry Ellis,PF,10.73,3.03,3.13,32.0,38.0,,2016.0,4.6,8.00,8.50,80.25,102.0,217.8,82.25
Kay Felder,PG,11.52,2.90,3.15,35.5,44.0,,2016.0,5.8,8.25,8.50,69.5,88.5,177.2,74.5
Dorian Finney-Smith,SF,11.01,3.04,3.27,32.5,35.5,,2016.0,6.45,9.00,9.75,79.75,105.5,212.6,83.75
Michael Gbinije,SG,11.00,3.19,3.12,33.5,37.5,,2016.0,5.4,8.00,9.00,78.75,101.0,204.6,79.5
Daniel Hamilton,SG-SF,11.48,3.20,3.40,26.0,29.0,,2016.0,5.95,9.00,8.50,80.0,103.5,197.0,81.0
Josh Hart,SG,11.15,3.15,3.20,29.5,38.5,,2016.0,5.75,8.50,9.25,77.5,99.5,203.6,80.5
Nigel Hayes,SF-PF,12.11,2.90,3.20,25.5,28.5,,2016.0,10.9,8.50,9.50,79.25,107.5,245.0,87.0
Buddy Hield,SG,,,,,,,2016.0,6.1,8.50,9.00,77.0,101.0,212.4,81.25
Justin Jackson,SF,11.32,2.96,3.26,29.5,34.5,,2016.0,7.6,8.75,8.75,80.25,103.5,193.4,82.75
Demetrius Jackson,PG,10.81,2.87,3.25,37.5,43.5,,2016.0,6.5,8.25,9.00,73.25,93.0,193.8,77.5
Brice Johnson,PF,11.88,2.94,3.20,33.5,38.0,,2016.0,7.5,9.00,8.25,82.5,106.5,208.6,84.5
Damian Jones,C,11.35,3.12,3.20,36.0,37.0,,2016.0,6.55,8.75,10.50,83.5,107.0,243.6,87.75
Skal Labissiere,PF-C,,,,,,,2016.0,5.7,8.75,9.00,83.75,105.5,215.8,86.5
Jake Layman,SF,11.35,2.82,3.24,33.0,39.5,,2016.0,7.1,8.25,9.25,81.25,102.0,208.6,81.25
Caris LeVert,SG,,,,,,,2016.0,7.55,8.50,9.25,79.0,101.0,191.0,82.0
Marcus Lee,PF-C,11.68,3.19,3.25,28.5,35.5,,2016.0,5.35,9.00,9.00,82.25,107.5,211.0,87.0
Thon Maker,PF,11.15,3.09,3.33,32.0,36.5,,2016.0,6.05,8.75,9.50,84.75,110.5,216.0,87.0
Patrick McCaw,PG-SG,11.01,2.97,3.30,30.0,38.0,,2016.0,4.7,8.75,8.75,78.75,100.5,180.8,82.0
Malik Newman,SG,10.88,3.11,3.28,30.0,35.5,,2016.0,5.6,8.25,9.25,75.5,97.5,182.2,77.75
Georges Niang,PF,11.64,3.17,3.49,25.0,31.0,,2016.0,10.05,9.25,9.25,80.5,103.0,230.8,82.0
Chinanu Onuaku,C,11.65,3.00,3.50,27.5,33.5,,2016.0,8.55,9.00,8.00,82.0,108.5,245.2,86.75
Marcus Paige,PG,10.82,2.69,3.15,33.5,39.5,,2016.0,4.3,7.75,8.75,73.75,97.0,163.8,78.25
Gary Payton II,PG,11.57,3.17,3.23,31.5,38.5,,2016.0,3.95,8.75,9.50,75.0,99.5,183.8,80.0
Jakob Poeltl,C,,,,,,,2016.0,5.8,9.25,10.25,85.0,111.5,239.0,86.75
Taurean Prince,SF,10.96,2.80,3.24,34.0,36.0,,2016.0,6.45,9.00,8.50,79.75,102.0,220.2,83.5
Zhou Qi,PF-C,11.27,2.90,3.46,31.5,32.0,,2016.0,4.85,9.25,9.50,86.25,112.5,218.2,91.75
Malachi Richardson,SG-SF,10.56,3.25,3.33,33.0,38.0,,2016.0,7.0,8.75,10.00,78.25,101.5,199.6,84.0
Wayne Selden,SG,,,,,,,2016.0,7.3,9.00,9.25,77.75,101.0,232.4,82.5
Pascal Siakam,PF,11.25,3.09,3.41,30.5,36.5,,2016.0,5.2,9.25,10.00,81.5,107.5,226.6,87.25
Diamond Stone,C,12.02,3.22,3.50,27.0,29.5,,2016.0,12.85,8.50,7.75,82.25,108.5,254.4,86.75
Caleb Swanigan,PF,12.80,,,26.0,29.0,,2016.0,12.55,9.00,10.25,80.5,107.0,246.6,87.5
Melo Trimble,PG,10.57,2.77,3.20,26.5,35.5,,2016.0,8.35,8.00,8.75,74.5,92.5,191.8,74.0
Tyler Ulis,PG,10.80,2.88,3.20,32.5,38.0,,2016.0,5.2,7.50,7.50,70.0,88.5,149.2,74.0
Jarrod Uthoff,PF,11.52,3.03,3.50,29.0,34.5,,2016.0,6.0,8.75,9.00,81.75,104.0,214.4,83.5
Denzel Valentine,SG-SF,10.51,3.22,3.46,27.0,32.0,,2016.0,9.2,8.50,9.75,77.75,102.0,210.4,82.75
Isaiah Whitehead,PG-SG,11.65,3.21,3.34,27.5,35.5,,2016.0,9.25,8.50,8.75,76.5,100.0,210.0,80.75
Troy Williams,SF,10.72,3.08,3.35,30.0,36.0,,2016.0,10.0,8.25,9.25,78.75,102.0,217.8,80.25
Kyle Wiltjer,PF,11.35,3.04,3.48,28.5,35.5,,2016.0,15.25,8.25,9.50,82.0,102.5,242.8,84.25
Stephen Zimmerman,C,12.08,3.16,3.43,26.0,31.0,,2016.0,11.15,9.00,9.00,83.75,108.5,234.0,87.25
Edrice Adebayo,PF-C,11.94,3.24,3.24,33.5,38.5,12,2017.0,5.2,9.50,8.75,81.75,108.0,242.6,86.75
Rawle Alkins,SG-SF,11.99,3.18,3.30,31.5,40.5,7,2017.0,11.0,8.75,10.00,75.75,99.0,222.6,80.75
Jarrett Allen,C,11.82,3.00,3.21,31.5,35.5,4,2017.0,7.4,9.50,10.50,82.25,109.5,233.6,89.25
Kadeem Allen,PG,11.24,2.98,3.15,33.0,35.5,7,2017.0,6.4,8.50,8.75,74.25,99.5,192.4,81.25
Ike Anigbogu,C,12.52,3.48,3.44,29.5,32.5,11,2017.0,5.4,9.50,10.00,81.75,110.5,252.2,90.25
OG Anunoby,SF,,,,,,,2017.0,6.8,9.25,9.50,79.75,107.5,232.4,86.25
Jamel Artis,SG-SF,11.62,3.08,3.44,23.5,31.0,5,2017.0,11.9,9.25,9.75,78.75,105.0,213.2,82.0
Dwayne Bacon,SG-SF,11.70,3.22,3.22,30.0,36.5,8,2017.0,7.9,8.75,10.00,78.25,103.5,221.6,82.0
V.J. Beachem,SG-SF,11.18,3.19,3.26,30.0,37.0,11,2017.0,6.8,8.50,9.00,80.0,104.5,193.4,82.25
Jordan Bell,PF,10.63,2.83,3.21,31.5,38.0,16,2017.0,5.4,9.25,9.50,80.5,104.5,223.6,83.75
Jaron Blossomgame,SF,11.47,3.35,3.17,31.0,35.5,16,2017.0,5.7,8.75,10.25,78.75,104.5,218.6,82.0
Chris Boucher,PF,,,,,,,2017.0,5.4,9.25,10.50,81.5,110.5,182.2,88.0
Tony Bradley,C,11.79,2.99,3.44,24.5,27.5,5,2017.0,12.0,9.50,9.50,82.75,112.5,248.8,89.0
Isaiah Briscoe,PG,10.95,2.85,3.38,28.0,33.5,11,2017.0,11.0,9.00,9.25,74.75,99.5,222.4,81.0
Dillon Brooks,SG-SF,11.14,3.24,3.21,31.0,37.5,16,2017.0,7.5,8.25,9.25,78.0,100.5,220.2,78.0
Thomas Bryant,PF-C,11.42,3.12,3.37,25.5,33.0,7,2017.0,9.4,9.50,10.25,82.75,112.5,247.8,90.0
John Collins,PF,11.66,3.27,3.27,33.0,37.5,15,2017.0,5.4,9.00,10.00,81.5,106.5,225.2,83.25
Zach Collins,PF-C,,,,,,,2017.0,8.9,8.75,9.25,84.0,111.0,232.2,85.0
Hamidou Diallo,SG-SF,10.88,2.79,3.11,34.5,44.5,0,2017.0,5.2,8.50,9.50,77.0,101.5,197.4,83.25
Tyler Dorsey,SG,10.55,2.98,3.16,30.5,36.0,8,2017.0,4.7,8.50,9.25,76.5,99.5,182.6,77.25
Damyean Dotson,SG-SF,11.18,3.03,3.13,31.5,38.0,13,2017.0,5.3,8.50,9.25,77.5,100.0,205.2,81.0
PJ Dozier,SG,10.84,2.98,3.15,34.0,39.0,9,2017.0,6.1,8.50,9.50,78.75,101.0,200.6,83.0
Jawun Evans,PG,11.34,3.26,3.21,27.5,33.5,1,2017.0,9.1,8.00,7.75,71.5,95.0,185.2,77.5
Terrance Ferguson,SG-SF,11.16,3.22,3.32,28.5,38.0,,2017.0,5.8,8.50,10.00,79.0,103.0,184.4,80.75
De?Aaron Fox,PG,,,,,,,2017.0,4.5,8.50,8.50,75.25,100.0,169.6,78.5
Markelle Fultz,PG,,,,,,,2017.0,,,,,,,
Harry Giles,PF,11.08,3.00,3.34,27.0,32.5,5,2017.0,5.2,9.50,10.75,82.5,109.5,232.0,87.25
Josh Hart,SG-SF,11.15,3.02,3.18,27.5,35.5,9,2017.0,5.8,8.50,9.50,77.0,101.0,209.2,80.25
Nigel Hayes,PF,11.81,2.94,3.27,29.0,33.5,16,2017.0,11.5,8.75,10.00,79.5,104.5,254.2,87.25
Isaiah Hicks,PF,12.31,3.31,3.36,31.5,37.0,11,2017.0,7.7,8.75,9.75,80.5,105.0,233.4,84.5
Wesley Iwundu,SG-SF,11.25,3.23,3.36,31.5,36.0,5,2017.0,4.0,8.75,9.50,78.75,105.5,193.4,85.0
Frank Jackson,PG,10.94,2.70,3.14,34.5,42.0,9,2017.0,6.7,8.25,9.00,75.5,98.0,201.6,79.5
Justin Jackson (UMD),SF,11.78,3.08,3.43,26.5,31.5,,2017.0,7.1,9.00,9.50,79.0,107.0,219.4,87.25
Justin Jackson (UNC),SF,10.80,3.06,3.30,29.5,35.5,,2017.0,8.1,8.75,9.25,80.25,104.5,200.8,83.0
Peter Jok,SG-SF,11.34,2.93,3.41,26.5,31.0,,2017.0,11.0,8.25,9.50,77.75,102.0,202.4,80.0
Luke Kennard,SG-SF,,,,,,,2017.0,6.6,8.00,8.75,77.5,98.5,196.2,77.25
Kyle Kuzma,SF-SG,10.72,2.98,3.25,27.0,34.0,12,2017.0,9.4,8.50,9.50,81.5,107.5,222.6,84.25
TJ Leaf,PF,11.55,3.27,3.27,29.0,34.5,6,2017.0,6.8,8.50,9.50,81.75,107.0,222.2,83.0
Tyler Lydon,PF,11.68,2.81,3.46,29.5,33.5,1,2017.0,13.6,8.75,8.75,81.5,107.5,215.0,84.0
Frank Mason III,PG,11.41,3.09,3.18,34.0,41.0,15,2017.0,4.3,8.00,9.25,72.0,94.0,188.8,75.25
Kennedy Meeks,C,12.91,3.35,3.50,28.0,30.5,15,2017.0,11.5,8.75,8.75,82.25,106.0,276.6,85.0
Donovan Mitchell,SG,11.53,3.07,3.01,36.5,40.5,10,2017.0,5.9,8.50,9.50,75.0,97.0,211.4,82.0
Monte Morris,PG,11.00,3.20,3.19,28.0,33.5,8,2017.0,6.9,8.25,8.75,74.5,96.5,175.2,76.0
Johnathan Motley,PF,,,,,,,2017.0,,9.00,9.50,80.75,108.0,238.2,88.0
Svi Mykhailiuk,SG-SF,12.40,3.25,3.53,27.0,33.0,8,2017.0,11.4,8.00,9.25,79.5,100.0,219.6,77.0
Semi Ojeleye,SF-SG,10.58,3.07,3.16,35.0,40.5,19,2017.0,5.5,8.75,9.50,78.75,102.0,241.4,81.75
Cameron Oliver,PF,12.17,3.31,3.16,28.0,39.5,5,2017.0,7.7,9.50,10.25,80.25,106.5,238.6,85.25
Justin Patton,C,11.80,3.31,3.46,26.0,30.5,,2017.0,7.8,8.75,9.75,83.25,111.5,229.0,87.0
Alec Peters,PF,,,,,,,2017.0,8.8,8.75,10.00,80.75,105.0,232.0,82.75
Ivan Rabb,PF,12.68,3.23,3.35,28.5,32.5,3,2017.0,6.8,8.75,9.00,82.0,109.0,219.6,85.5
Davon Reed,SG-SF,11.37,3.21,3.34,28.5,36.0,12,2017.0,6.5,9.25,9.50,77.5,102.0,206.2,84.0
Devin Robinson,SF,12.85,3.61,3.23,35.5,41.5,10,2017.0,3.2,9.25,10.25,80.25,106.0,189.6,84.75
Kobi Simmons,PG,11.15,2.98,3.18,30.5,38.5,3,2017.0,5.0,8.50,9.50,76.5,99.0,166.2,78.0
Edmond Sumner,PG,,,,,,,2017.0,8.3,8.25,9.00,77.75,102.5,176.4,81.0
Caleb Swanigan,PF,,,,,,,2017.0,,9.50,10.25,80.5,108.0,245.6,87.0
Sindarius Thornwell,SG-SF,11.48,3.03,3.36,27.0,30.5,15,2017.0,7.8,8.75,8.75,76.75,103.0,211.6,82.0
Melo Trimble,PG,10.75,2.92,3.27,24.5,32.0,6,2017.0,10.6,8.00,8.75,74.5,95.5,195.2,74.0
Moritz Wagner,PF,12.00,2.98,3.35,25.5,32.5,,2017.0,6.7,8.75,10.75,83.25,108.0,231.2,84.0
Derrick Walton Jr.,PG,11.28,3.12,3.29,26.0,32.5,9,2017.0,5.8,8.00,8.50,72.75,95.0,188.6,74.5
Thomas Welsh,PF-C,,,,,,11,2017.0,10.9,9.00,10.50,84.5,109.5,254.0,84.0
Derrick White,PG,10.84,2.92,3.08,31.0,36.5,10,2017.0,6.2,8.25,8.50,76.5,101.5,189.8,79.5
Nigel Williams-Goss,PG,10.42,3.08,3.19,27.5,34.5,10,2017.0,5.6,8.75,9.25,75.0,99.0,190.2,79.25
D.J. Wilson,PF,,,,,,,2017.0,6.4,9.25,10.25,82.5,109.5,234.4,87.0
Omer Yurtseven,C,12.85,3.30,3.45,26.0,31.5,6,2017.0,7.6,9.00,10.50,83.75,108.5,248.4,85.0
Rawle Alkins,SG,11.50,3.09,3.15,32.5,40.5,10,2018.0,8.9,8.5,10.0,76.25,99.0,217.4,80.75
Grayson Allen,SG,10.31,3.04,3.15,32.5,40.5,,2018.0,5.55,8.25,10.0,76.5,97.0,198.0,79.25
Kostas Antetokounmpo,PF,12.48,3.48,3.21,29.5,35.0,0,2018.0,5.0,9.25,9.5,82.5,110.0,194.8,86.25
Udoka Azubuike,C,12.97,3.65,3.12,31.0,31.5,11,2018.0,7.95,9.5,10.0,84.25,112.5,273.8,91.0
Mohamed Bamba,C,,,,,,,2018.0,6.2,9.75,10.25,84.75,115.5,225.6,94.0
Jaylen Barford,PG-SG,11.39,3.21,3.31,27.0,33.0,7,2018.0,11.65,8.0,8.25,74.25,96.5,207.6,75.5
Keita Bates-Diop,SG-SF,11.20,3.28,3.17,30.5,35.0,11,2018.0,5.35,9.0,8.5,80.5,106.5,223.8,87.25
Tyus Battle,SG,11.04,2.87,3.07,32.0,37.5,9,2018.0,4.0,8.5,9.25,78.75,102.0,200.2,81.0
Brian Bowen,SG-SF,11.58,3.33,3.28,30.5,34.0,0,2018.0,7.6,9.0,10.0,79.5,103.5,202.0,82.25
Miles Bridges,SF,,,,,,,2018.0,5.9,9.0,9.75,78.75,103.5,220.4,81.5
Bruce Brown,SG-PG,11.11,3.44,3.20,32.5,38.0,17,2018.0,3.75,8.5,8.5,77.0,98.5,194.6,81.0
Troy Brown,SF,11.51,3.29,3.33,26.0,33.0,5,2018.0,7.05,9.0,9.75,78.75,105.0,208.0,82.25
Jalen Brunson,PG,10.59,3.11,3.15,29.0,37.0,7,2018.0,6.7,8.25,9.25,74.25,96.0,198.4,76.0
Tony Carr,PG,11.89,3.40,3.17,25.0,31.5,0,2018.0,6.5,8.5,9.75,76.5,100.0,198.8,80.25
Jevon Carter,PG,11.04,3.05,3.18,29.0,36.5,14,2018.0,4.15,9.25,8.5,73.5,95.0,196.2,76.25
Wendell Carter,C-PF,,,,,,,2018.0,7.85,8.5,9.0,82.0,109.0,251.4,88.5
Donte DiVincenzo,SG,10.72,3.12,3.11,34.5,42.0,12,2018.0,5.0,8.25,9.0,76.5,97.5,200.6,78.0
Hamidou Diallo,SG,10.53,3.14,3.10,32.5,40.5,1,2018.0,4.45,8.75,9.0,78.0,103.0,197.0,83.5
Trevon Duval,PG,10.93,3.09,3.18,34.0,41.5,6,2018.0,5.2,8.75,10.0,74.5,97.5,191.0,80.25
Carsen Edwards,PG,11.59,3.15,3.20,28.5,34.5,12,2018.0,6.3,8.5,9.25,72.0,94.5,195.6,78.25
Jacob Evans,SG-SF,11.11,3.14,3.20,28.0,35.5,8,2018.0,6.5,9.0,9.25,77.5,102.5,199.6,81.25
Keenan Evans,PG,,,,,,,2018.0,6.5,8.5,8.0,75.0,98.0,183.2,77.25
Bruno Fernando,C,12.19,3.03,3.23,29.0,35.0,11,2018.0,5.25,9.5,10.0,81.75,109.0,233.2,88.25
Melvin Frazier,SF-SG,11.24,3.08,3.08,31.0,40.5,0,2018.0,7.9,9.5,9.5,78.0,105.0,198.2,85.75
Shai Gilgeous-Alexander,PG,,,,,,,2018.0,3.0,9.0,9.0,78.0,104.0,180.0,83.5
Devonte Graham,PG,11.28,3.15,3.21,31.0,37.0,14,2018.0,4.8,8.5,9.5,73.5,96.0,186.4,78.25
Isaac Haas,C,,,,,,,2018.0,12.55,10.0,10.5,86.75,111.5,303.0,89.0
Devon Hall,SG,10.95,3.16,3.27,25.0,31.0,6,2018.0,8.45,8.5,10.0,78.0,102.0,206.4,79.75
Jaylen Hands,PG,12.11,3.16,3.13,31.5,39.5,6,2018.0,5.0,8.0,8.0,74.75,98.0,179.0,77.5
Kevin Hervey,PF,11.28,3.15,3.36,27.5,32.0,4,2018.0,5.15,9.25,10.25,79.75,107.0,211.6,87.5
Aaron Holiday,PG,10.96,3.22,3.27,25.5,33.0,,2018.0,6.4,8.75,8.5,72.75,97.0,187.0,79.5
Kevin Huerter,SG,10.89,2.97,3.09,31.0,38.0,9,2018.0,8.6,8.25,8.5,79.25,101.5,194.0,79.5
Jaren Jackson,PF-C,,,,,,,2018.0,7.2,10.0,10.0,83.25,110.0,236.0,89.25
Justin Jackson,PF,,,,,,,2018.0,8.9,9.0,9.5,78.75,105.0,229.4,87.0
Alize Johnson,PF,11.83,3.28,3.38,25.0,31.0,8,2018.0,8.1,8.5,9.75,80.0,103.0,216.6,80.75
George King,SF-SG,10.75,3.08,3.29,31.0,39.0,15,2018.0,7.25,9.0,10.25,78.0,101.5,218.6,83.5
Kevin Knox,SF,,,,,,,2018.0,4.95,8.75,9.25,81.0,108.0,212.6,83.75
Sagaba Konate,C,12.28,3.36,3.28,31.5,35.0,12,2018.0,7.35,9.25,10.0,79.5,106.5,246.0,84.0
Caleb Martin,SF-SG,10.43,2.75,3.26,29.0,36.5,6,2018.0,7.0,8.5,8.75,78.0,101.5,195.8,82.0
Cody Martin,SG-SF,10.64,3.05,3.09,29.0,36.5,4,2018.0,5.45,8.5,9.0,78.0,102.5,188.6,82.25
Yante Maten,PF-C,11.35,3.13,3.17,27.0,31.5,18,2018.0,8.1,9.25,10.0,80.5,107.5,246.2,84.5
Brandon McCoy,C,11.77,3.31,3.23,27.5,32.0,9,2018.0,8.7,9.75,9.5,84.5,110.5,250.4,86.0
DeAnthony Melton,SG-PG,11.48,3.33,3.23,31.0,36.5,1,2018.0,5.2,8.5,9.5,75.25,99.5,193.2,80.5
Chimezie Metu,PF-C,11.89,3.25,3.33,29.5,36.0,5,2018.0,5.05,9.0,9.25,81.5,108.0,219.6,84.5
Shake Milton,SG-PG,11.07,3.19,3.25,30.0,33.0,2,2018.0,6.8,8.75,9.5,77.5,99.5,207.2,84.75
Sviatoslav Mykhailiuk,SG-SF,11.25,3.18,3.15,30.5,37.0,4,2018.0,8.45,8.25,9.5,79.75,100.0,211.6,76.75
Malik Newman,SG,10.90,3.18,3.13,27.5,33.5,,2018.0,6.25,8.5,9.5,75.25,98.5,189.2,77.5
Josh Okogie,SG,11.08,3.03,3.04,33.0,42.0,12,2018.0,5.2,9.0,9.75,76.5,102.0,210.8,84.0
Theo Pinson,SG-SF,11.53,3.11,3.22,27.0,34.0,7,2018.0,7.35,9.0,9.0,78.75,103.5,211.2,82.75
Jontay Porter,C-PF,11.90,3.07,3.40,25.5,31.0,9,2018.0,13.85,8.75,9.5,83.5,109.0,236.0,84.25
Michael Porter,SF-PF,,,,,,,2018.0,6.4,8.75,9.25,82.75,108.5,211.0,84.25
Billy Preston,PF,11.26,3.35,3.20,25.0,33.0,0,2018.0,5.45,9.25,9.5,82.5,108.0,222.4,86.0
Jerome Robinson,SG,,,,,,,2018.0,6.05,9.0,10.0,77.0,98.0,188.4,79.25
Collin Sexton,PG,,,,,,,2018.0,5.6,8.25,8.5,73.5,98.5,183.0,79.25
Landry Shamet,PG,11.26,3.21,3.11,31.0,39.5,8,2018.0,4.85,8.0,9.0,77.25,100.0,188.6,78.75
Anfernee Simons,SG-PG,11.27,3.16,3.10,32.0,41.5,1,2018.0,7.7,8.75,9.0,75.25,99.5,183.2,81.25
Zhaire Smith,SF-SG,11.02,3.15,3.05,33.0,41.5,10,2018.0,6.05,8.75,8.25,76.0,100.0,198.6,81.75
Ray Spalding,PF,11.48,3.20,3.34,26.0,32.0,12,2018.0,5.55,9.25,9.0,82.25,109.0,215.4,88.75
Omari Spellman,PF-C,12.28,3.35,3.38,28.5,35.5,8,2018.0,13.75,9.0,9.0,81.25,107.5,253.8,86.0
Khyri Thomas,SG,10.96,3.18,3.18,30.0,35.0,14,2018.0,6.4,8.75,9.25,75.75,101.0,198.8,82.5
Gary Trent,SG,11.37,2.99,3.12,33.5,39.5,12,2018.0,7.0,8.5,9.5,77.75,98.0,204.2,80.75
Allonzo Trier,SG,11.02,2.97,3.14,32.0,40.0,11,2018.0,4.95,8.25,10.5,77.25,98.0,198.0,78.75
Moritz Wagner,C-PF,11.48,3.07,3.18,27.0,34.0,8,2018.0,6.75,9.0,10.75,83.5,108.0,241.4,84.0
Lonnie Walker,SG,10.87,2.91,3.06,31.5,40.0,12,2018.0,5.65,9.0,9.5,76.5,99.5,196.2,82.25
PJ Washington,PF,11.39,3.43,3.20,27.0,34.0,3,2018.0,6.85,9.0,10.25,80.0,107.0,223.0,86.5
Austin Wiley,C,12.79,3.27,3.30,28.0,33.5,14,2018.0,5.0,9.75,10.25,82.0,111.0,249.4,89.0
Kris Wilkes,SF,11.29,3.16,3.24,28.0,35.5,1,2018.0,5.15,8.75,9.25,79.5,103.5,205.0,82.25
Kenrich Williams,SF,10.86,3.28,3.19,28.0,33.0,14,2018.0,5.95,8.5,9.75,79.5,103.5,200.4,79.25
Trae Young,PG,,,,,,,2018.0,5.35,8.0,9.25,73.75,95.5,177.8,75.0
